﻿{"computers":[{"Properties":{"objectsid":"S-1-5-21-66658201-2213596749-1199288720-1212","highvalue":false,"domain":"CAESAR.PVT","enabled":true,"unconstraineddelegation":false,"lastlogon":1551377840,"pwdlastset":1551230324,"serviceprincipalnames":["TERMSRV/WEB2","TERMSRV/web2.caesar.pvt","WSMAN/web2","WSMAN/web2.caesar.pvt","RestrictedKrbHost/WEB2","HOST/WEB2","RestrictedKrbHost/web2.caesar.pvt","HOST/web2.caesar.pvt"],"operatingsystem":"Windows Server 2012 R2 Standard Evaluation","description":null},"Name":"WEB2.CAESAR.PVT","PrimaryGroup":"DOMAIN COMPUTERS@CAESAR.PVT","LocalAdmins":[],"RemoteDesktopUsers":[],"DcomUsers":null,"AllowedToDelegate":[],"Aces":null},{"Properties":{"objectsid":"S-1-5-21-66658201-2213596749-1199288720-1001","highvalue":false,"domain":"CAESAR.PVT","enabled":true,"unconstraineddelegation":true,"lastlogon":1551361591,"pwdlastset":1551098761,"serviceprincipalnames":["Dfsr-12F9A27C-BF97-4787-9364-D31B6C55EB04/DC1.caesar.pvt","ldap/DC1.caesar.pvt/ForestDnsZones.caesar.pvt","ldap/DC1.caesar.pvt/DomainDnsZones.caesar.pvt","TERMSRV/DC1","TERMSRV/DC1.caesar.pvt","DNS/DC1.caesar.pvt","GC/DC1.caesar.pvt/caesar.pvt","RestrictedKrbHost/DC1.caesar.pvt","RestrictedKrbHost/DC1","RPC/f725cd7d-4b47-4a20-8310-117ebcffdb55._msdcs.caesar.pvt","HOST/DC1/CAESAR","HOST/DC1.caesar.pvt/CAESAR","HOST/DC1","HOST/DC1.caesar.pvt","HOST/DC1.caesar.pvt/caesar.pvt","E3514235-4B06-11D1-AB04-00C04FC2DCD2/f725cd7d-4b47-4a20-8310-117ebcffdb55/caesar.pvt","ldap/DC1/CAESAR","ldap/f725cd7d-4b47-4a20-8310-117ebcffdb55._msdcs.caesar.pvt","ldap/DC1.caesar.pvt/CAESAR","ldap/DC1","ldap/DC1.caesar.pvt","ldap/DC1.caesar.pvt/caesar.pvt"],"operatingsystem":"Windows Server 2012 R2 Standard Evaluation","description":null},"Name":"DC1.CAESAR.PVT","PrimaryGroup":"DOMAIN CONTROLLERS@CAESAR.PVT","LocalAdmins":[{"Name":"ADMINISTRATOR@CAESAR.PVT","Type":"User"},{"Name":"ENTERPRISE ADMINS@CAESAR.PVT","Type":"Group"},{"Name":"DOMAIN ADMINS@CAESAR.PVT","Type":"Group"}],"RemoteDesktopUsers":[],"DcomUsers":[],"AllowedToDelegate":[],"Aces":null},{"Properties":{"objectsid":"S-1-5-21-66658201-2213596749-1199288720-1213","highvalue":false,"domain":"CAESAR.PVT","enabled":true,"unconstraineddelegation":false,"lastlogon":1551378120,"pwdlastset":1551160285,"serviceprincipalnames":["TERMSRV/CA","TERMSRV/CA.caesar.pvt","WSMAN/CA","WSMAN/CA.caesar.pvt","RestrictedKrbHost/CA","HOST/CA","RestrictedKrbHost/CA.caesar.pvt","HOST/CA.caesar.pvt"],"operatingsystem":"Windows Server 2012 R2 Standard Evaluation","description":null},"Name":"CA.CAESAR.PVT","PrimaryGroup":"DOMAIN COMPUTERS@CAESAR.PVT","LocalAdmins":[{"Name":"DOMAIN ADMINS@CAESAR.PVT","Type":"Group"},{"Name":"SERVERADMINS@CAESAR.PVT","Type":"Group"}],"RemoteDesktopUsers":[],"DcomUsers":[],"AllowedToDelegate":[],"Aces":null},{"Properties":{"objectsid":"S-1-5-21-66658201-2213596749-1199288720-1221","highvalue":false,"domain":"CAESAR.PVT","enabled":true,"unconstraineddelegation":true,"lastlogon":1551378525,"pwdlastset":1551065289,"serviceprincipalnames":["ldap/DC02","ldap/dc02.caesar.pvt","ldap/dc02.caesar.pvt/ForestDnsZones.caesar.pvt","ldap/dc02.caesar.pvt/DomainDnsZones.caesar.pvt","ldap/dc02.caesar.pvt/caesar.pvt","ldap/dc02.caesar.pvt/CAESAR","ldap/9d32b925-79e8-4f57-915f-75bb0141f881._msdcs.caesar.pvt","ldap/DC02/CAESAR","HOST/DC02/CAESAR","HOST/dc02.caesar.pvt/caesar.pvt","GC/dc02.caesar.pvt/caesar.pvt","RPC/9d32b925-79e8-4f57-915f-75bb0141f881._msdcs.caesar.pvt","HOST/dc02.caesar.pvt/CAESAR","DNS/dc02.caesar.pvt","E3514235-4B06-11D1-AB04-00C04FC2DCD2/9d32b925-79e8-4f57-915f-75bb0141f881/caesar.pvt","TERMSRV/DC02","TERMSRV/dc02.caesar.pvt","WSMAN/dc02","WSMAN/dc02.caesar.pvt","RestrictedKrbHost/DC02","HOST/DC02","RestrictedKrbHost/dc02.caesar.pvt","HOST/dc02.caesar.pvt"],"operatingsystem":"Windows Server 2012 R2 Standard Evaluation","description":null},"Name":"DC02.CAESAR.PVT","PrimaryGroup":"DOMAIN CONTROLLERS@CAESAR.PVT","LocalAdmins":[{"Name":"DOMAIN ADMINS@CAESAR.PVT","Type":"Group"},{"Name":"ENTERPRISE ADMINS@CAESAR.PVT","Type":"Group"},{"Name":"ADMINISTRATOR@CAESAR.PVT","Type":"User"}],"RemoteDesktopUsers":[],"DcomUsers":[],"AllowedToDelegate":[],"Aces":null},{"Properties":{"objectsid":"S-1-5-21-66658201-2213596749-1199288720-1211","highvalue":false,"domain":"CAESAR.PVT","enabled":true,"unconstraineddelegation":false,"lastlogon":1551378366,"pwdlastset":1551259159,"serviceprincipalnames":["TERMSRV/RDP","TERMSRV/RDP.caesar.pvt","WSMAN/RDP","WSMAN/RDP.caesar.pvt","RestrictedKrbHost/RDP","HOST/RDP","RestrictedKrbHost/RDP.caesar.pvt","HOST/RDP.caesar.pvt"],"operatingsystem":"Windows Server 2012 R2 Standard Evaluation","description":null},"Name":"RDP.CAESAR.PVT","PrimaryGroup":"DOMAIN COMPUTERS@CAESAR.PVT","LocalAdmins":[{"Name":"DOMAIN ADMINS@CAESAR.PVT","Type":"Group"},{"Name":"SERVERADMINS@CAESAR.PVT","Type":"Group"}],"RemoteDesktopUsers":[{"Name":"INTERNET RDP@CAESAR.PVT","Type":"Group"}],"DcomUsers":[],"AllowedToDelegate":[],"Aces":null},{"Properties":{"objectsid":"S-1-5-21-66658201-2213596749-1199288720-1210","highvalue":false,"domain":"CAESAR.PVT","enabled":true,"unconstraineddelegation":false,"lastlogon":1551378136,"pwdlastset":1551150607,"serviceprincipalnames":["TERMSRV/WEB1","TERMSRV/web1.caesar.pvt","WSMAN/web1","WSMAN/web1.caesar.pvt","RestrictedKrbHost/WEB1","HOST/WEB1","RestrictedKrbHost/web1.caesar.pvt","HOST/web1.caesar.pvt"],"operatingsystem":"Windows Server 2012 R2 Standard Evaluation","description":null},"Name":"WEB1.CAESAR.PVT","PrimaryGroup":"DOMAIN COMPUTERS@CAESAR.PVT","LocalAdmins":[{"Name":"DOMAIN ADMINS@CAESAR.PVT","Type":"Group"},{"Name":"SERVERADMINS@CAESAR.PVT","Type":"Group"}],"RemoteDesktopUsers":[],"DcomUsers":[],"AllowedToDelegate":[],"Aces":null}],"meta":{"count":6,"type":"computers"}}