﻿{"ous":[{"Properties":{"name":"DOMAIN CONTROLLERS@CAESAR.PVT","highvalue":false,"blocksinheritance":false,"description":"Default container for domain controllers"},"Guid":"E4E5E935-86A3-4897-A545-F423A10DB96D","ChildOus":[],"Computers":["DC02.CAESAR.PVT","DC1.CAESAR.PVT"],"Users":[],"Links":[{"IsEnforced":false,"Name":"DC AUDITING@CAESAR.PVT"},{"IsEnforced":false,"Name":"DEFAULT DOMAIN CONTROLLERS POLICY@CAESAR.PVT"}]},{"Properties":{"name":"COMPANY@CAESAR.PVT","highvalue":false,"blocksinheritance":false,"description":null},"Guid":"E90B3C80-B5A4-43D1-8CD0-074ED39347BD","ChildOus":["C8AC87DD-4579-4119-8FA6-94EB3B7BD672","B2DB6714-6521-4E12-9C53-6B0C853BC59A","D4A30E4B-C26A-4650-B8A6-61FFB37DDB1C","BBF337D8-E932-483E-AD1B-B4531DC3AD1B","5C85F11F-81FC-49DB-918C-81597909D00E","8890EA5D-DA25-4011-B004-A2F7232592EF","22B9E925-3C4F-4EE5-871F-5D78D181E43F"],"Computers":[],"Users":[],"Links":null},{"Properties":{"name":"GROUPS@CAESAR.PVT","highvalue":false,"blocksinheritance":false,"description":null},"Guid":"D4A30E4B-C26A-4650-B8A6-61FFB37DDB1C","ChildOus":[],"Computers":[],"Users":[],"Links":null},{"Properties":{"name":"RESOURCES@CAESAR.PVT","highvalue":false,"blocksinheritance":false,"description":null},"Guid":"BBF337D8-E932-483E-AD1B-B4531DC3AD1B","ChildOus":[],"Computers":[],"Users":[],"Links":null},{"Properties":{"name":"COMPUTERS@CAESAR.PVT","highvalue":false,"blocksinheritance":false,"description":null},"Guid":"B2DB6714-6521-4E12-9C53-6B0C853BC59A","ChildOus":[],"Computers":[],"Users":[],"Links":null},{"Properties":{"name":"SERVERS@CAESAR.PVT","highvalue":false,"blocksinheritance":false,"description":null},"Guid":"5C85F11F-81FC-49DB-918C-81597909D00E","ChildOus":["B248AE6C-52EA-4AC5-92AB-82AC6F7C1A73"],"Computers":["RDP.CAESAR.PVT","WEB2.CAESAR.PVT"],"Users":[],"Links":[{"IsEnforced":false,"Name":"SERVER AUDITING@CAESAR.PVT"}]},{"Properties":{"name":"ADMIN@CAESAR.PVT","highvalue":false,"blocksinheritance":false,"description":null},"Guid":"C8AC87DD-4579-4119-8FA6-94EB3B7BD672","ChildOus":[],"Computers":["CA.CAESAR.PVT"],"Users":["MARC@CAESAR.PVT","BRUTUS@CAESAR.PVT","IDRADMIN@CAESAR.PVT"],"Links":null},{"Properties":{"name":"SHARED@CAESAR.PVT","highvalue":false,"blocksinheritance":false,"description":null},"Guid":"8890EA5D-DA25-4011-B004-A2F7232592EF","ChildOus":[],"Computers":[],"Users":["DELEGATED-C@CAESAR.PVT","DELEGATED-U@CAESAR.PVT"],"Links":null},{"Properties":{"name":"GLOBAL ADMIN@CAESAR.PVT","highvalue":false,"blocksinheritance":false,"description":null},"Guid":"82E96329-5974-4A2E-BED9-490E48B8FEB8","ChildOus":[],"Computers":[],"Users":["DIRSYNC@CAESAR.PVT","JULIUS@CAESAR.PVT"],"Links":null},{"Properties":{"name":"NESSUS@CAESAR.PVT","highvalue":false,"blocksinheritance":false,"description":null},"Guid":"B248AE6C-52EA-4AC5-92AB-82AC6F7C1A73","ChildOus":[],"Computers":["WEB1.CAESAR.PVT"],"Users":[],"Links":null},{"Properties":{"name":"USERS@CAESAR.PVT","highvalue":false,"blocksinheritance":false,"description":null},"Guid":"22B9E925-3C4F-4EE5-871F-5D78D181E43F","ChildOus":[],"Computers":[],"Users":["ADAM.WALLY@CAESAR.PVT","AHMED.KRONER@CAESAR.PVT","ALONA.MARR@CAESAR.PVT","ANTWAN.WALTRIP@CAESAR.PVT","BEVERLEE.LOWY@CAESAR.PVT","BUENA.DELSIGNORE@CAESAR.PVT","CATHLEEN.DEMELO@CAESAR.PVT","CATRICE.HAGGINS@CAESAR.PVT","CHARLOTTE.GOOSBY@CAESAR.PVT","CLARIS.MACKINNON@CAESAR.PVT","CLAUDIA.LUNN@CAESAR.PVT","COLEMAN.GABRIELE@CAESAR.PVT","CRISTAL.VALAZQUEZ@CAESAR.PVT","CUC.VANARSDALE@CAESAR.PVT","DARIA.KUEHN@CAESAR.PVT","DAYLE.BOLDEN@CAESAR.PVT","DILLON.BLOWE@CAESAR.PVT","DOMONIQUE.GALASSO@CAESAR.PVT","DONETTA.COGHLAN@CAESAR.PVT","DRUCILLA.GAMEZ@CAESAR.PVT","EDMUNDO.ISENBERG@CAESAR.PVT","EDMUNDO.STEBBINS@CAESAR.PVT","EDNA.BURNETT@CAESAR.PVT","EDYTHE.TOWERS@CAESAR.PVT","ELADIA.MULLARKEY@CAESAR.PVT","ELENE.BRAGDON@CAESAR.PVT","ELIJAH.BLAKLEY@CAESAR.PVT","ELMA.WALWORTH@CAESAR.PVT","FANNIE.EAMES@CAESAR.PVT","FE.KITZMILLER@CAESAR.PVT","FOREST.SCHLUETER@CAESAR.PVT","GEMMA.BOWKER@CAESAR.PVT","GERARDO.FLEIG@CAESAR.PVT","GLADY.MOLER@CAESAR.PVT","GLORIA.HANKS@CAESAR.PVT","GRAHAM.LAYTON@CAESAR.PVT","GUS.REASONER@CAESAR.PVT","GWENN.KOHLER@CAESAR.PVT","HAE.PENLEY@CAESAR.PVT","HERMINIA.OLIVA@CAESAR.PVT","HILTON.LOEHR@CAESAR.PVT","ILSE.PLAMONDON@CAESAR.PVT","ISABELLA.TWIFORD@CAESAR.PVT","IVAN.DAVIE@CAESAR.PVT","JACK.WELCHER@CAESAR.PVT","JALEESA.HAGEL@CAESAR.PVT","JANN.VANCLEAVE@CAESAR.PVT","JEANNETTA.LOUDIN@CAESAR.PVT","JERAMY.RUBALCAVA@CAESAR.PVT","JIM.CUSHMAN@CAESAR.PVT","JULIE.YARBERRY@CAESAR.PVT","KARLENE.BABB@CAESAR.PVT","KEVIN.SURFACE@CAESAR.PVT","KRISTA.HACKLER@CAESAR.PVT","LANNIE.VERNE@CAESAR.PVT","LASANDRA.BLALOCK@CAESAR.PVT","LAURA.MARCINKOWSKI@CAESAR.PVT","LEANN.TOKARSKI@CAESAR.PVT","LEONARDO.PRZYBYLA@CAESAR.PVT","LEONILA.FORTINO@CAESAR.PVT","LIDIA.VELASCO@CAESAR.PVT","LIZZIE.SELLMAN@CAESAR.PVT","LOUANNE.HAVERLY@CAESAR.PVT","MACKENZIE.AMAYA@CAESAR.PVT","MAISIE.MUNEZ@CAESAR.PVT","MARA.SHOAF@CAESAR.PVT","MARCY.HYATT@CAESAR.PVT","MARLYS.REVARD@CAESAR.PVT","MARVIN.SAM@CAESAR.PVT","MARYALICE.OROSZ@CAESAR.PVT","MAYE.SCHEWE@CAESAR.PVT","MELISA.COSME@CAESAR.PVT","MERIDETH.BOLANOS@CAESAR.PVT","MILLICENT.SUE@CAESAR.PVT","NGUYET.CATLETT@CAESAR.PVT","NILDA.FIGGS@CAESAR.PVT","OTIS.TERPSTRA@CAESAR.PVT","PAMELA.PAHL@CAESAR.PVT","PHILOMENA.PERSAUD@CAESAR.PVT","PHYLLIS.BIONDO@CAESAR.PVT","RENEE.SIA@CAESAR.PVT","RENITA.LINTZ@CAESAR.PVT","RHETT.BREUER@CAESAR.PVT","RIA.LETTS@CAESAR.PVT","ROBBI.TU@CAESAR.PVT","ROBBYN.LEATHERS@CAESAR.PVT","ROSALVA.TALMAGE@CAESAR.PVT","SANDIE.EBNER@CAESAR.PVT","SANDRA.BAKLEY@CAESAR.PVT","SITEST1@CAESAR.PVT","SITEST2@CAESAR.PVT","TESTUSER3@CAESAR.PVT","SERENA.GUTTER@CAESAR.PVT","SHARILYN.PENNING@CAESAR.PVT","SHEBA.THWEATT@CAESAR.PVT","SHONDA.MCCANDLESS@CAESAR.PVT","STEFANIA.ZALESKI@CAESAR.PVT","TAMAR.MCGAUGH@CAESAR.PVT","TED.STEIB@CAESAR.PVT","TERI.BRADWELL@CAESAR.PVT","TOMIKO.LAROCK@CAESAR.PVT","VELVA.BOLDS@CAESAR.PVT","VIOLET.CHILCOTT@CAESAR.PVT","WENDOLYN.GARBER@CAESAR.PVT"],"Links":null}],"meta":{"count":11,"type":"ous"}}