﻿{"groups":[{"Properties":{"highvalue":true,"domain":"CLEOPATRA.PVT","objectsid":"S-1-5-32-544","admincount":true,"description":"Administrators have complete and unrestricted access to the computer/domain"},"Name":"ADMINISTRATORS@CLEOPATRA.PVT","Aces":[{"PrincipalName":"DOMAIN ADMINS@CLEOPATRA.PVT","PrincipalType":"group","RightName":"Owner","AceType":""},{"PrincipalName":"DOMAIN ADMINS@CLEOPATRA.PVT","PrincipalType":"group","RightName":"GenericWrite","AceType":""},{"PrincipalName":"DOMAIN ADMINS@CLEOPATRA.PVT","PrincipalType":"group","RightName":"WriteOwner","AceType":""},{"PrincipalName":"DOMAIN ADMINS@CLEOPATRA.PVT","PrincipalType":"group","RightName":"WriteDacl","AceType":""},{"PrincipalName":"ENTERPRISE ADMINS@CLEOPATRA.PVT","PrincipalType":"group","RightName":"GenericWrite","AceType":""},{"PrincipalName":"ENTERPRISE ADMINS@CLEOPATRA.PVT","PrincipalType":"group","RightName":"WriteOwner","AceType":""},{"PrincipalName":"ENTERPRISE ADMINS@CLEOPATRA.PVT","PrincipalType":"group","RightName":"WriteDacl","AceType":""},{"PrincipalName":"ADMINISTRATORS@CLEOPATRA.PVT","PrincipalType":"group","RightName":"GenericWrite","AceType":""},{"PrincipalName":"ADMINISTRATORS@CLEOPATRA.PVT","PrincipalType":"group","RightName":"WriteOwner","AceType":""},{"PrincipalName":"ADMINISTRATORS@CLEOPATRA.PVT","PrincipalType":"group","RightName":"WriteDacl","AceType":""}],"Members":[{"MemberName":"DOMAIN ADMINS@CLEOPATRA.PVT","MemberType":"group"},{"MemberName":"ENTERPRISE ADMINS@CLEOPATRA.PVT","MemberType":"group"},{"MemberName":"ADMINISTRATOR@CLEOPATRA.PVT","MemberType":"user"}]},{"Properties":{"highvalue":true,"domain":"CLEOPATRA.PVT","objectsid":"S-1-5-32-551","admincount":true,"description":"Backup Operators can override security restrictions for the sole purpose of backing up or restoring files"},"Name":"BACKUP OPERATORS@CLEOPATRA.PVT","Aces":[{"PrincipalName":"DOMAIN ADMINS@CLEOPATRA.PVT","PrincipalType":"group","RightName":"Owner","AceType":""},{"PrincipalName":"DOMAIN ADMINS@CLEOPATRA.PVT","PrincipalType":"group","RightName":"GenericWrite","AceType":""},{"PrincipalName":"DOMAIN ADMINS@CLEOPATRA.PVT","PrincipalType":"group","RightName":"WriteOwner","AceType":""},{"PrincipalName":"DOMAIN ADMINS@CLEOPATRA.PVT","PrincipalType":"group","RightName":"WriteDacl","AceType":""},{"PrincipalName":"ENTERPRISE ADMINS@CLEOPATRA.PVT","PrincipalType":"group","RightName":"GenericWrite","AceType":""},{"PrincipalName":"ENTERPRISE ADMINS@CLEOPATRA.PVT","PrincipalType":"group","RightName":"WriteOwner","AceType":""},{"PrincipalName":"ENTERPRISE ADMINS@CLEOPATRA.PVT","PrincipalType":"group","RightName":"WriteDacl","AceType":""},{"PrincipalName":"ADMINISTRATORS@CLEOPATRA.PVT","PrincipalType":"group","RightName":"GenericWrite","AceType":""},{"PrincipalName":"ADMINISTRATORS@CLEOPATRA.PVT","PrincipalType":"group","RightName":"WriteOwner","AceType":""},{"PrincipalName":"ADMINISTRATORS@CLEOPATRA.PVT","PrincipalType":"group","RightName":"WriteDacl","AceType":""}],"Members":[]},{"Properties":{"highvalue":false,"domain":"CLEOPATRA.PVT","objectsid":"S-1-5-32-552","admincount":true,"description":"Supports file replication in a domain"},"Name":"REPLICATOR@CLEOPATRA.PVT","Aces":[{"PrincipalName":"DOMAIN ADMINS@CLEOPATRA.PVT","PrincipalType":"group","RightName":"Owner","AceType":""},{"PrincipalName":"DOMAIN ADMINS@CLEOPATRA.PVT","PrincipalType":"group","RightName":"GenericWrite","AceType":""},{"PrincipalName":"DOMAIN ADMINS@CLEOPATRA.PVT","PrincipalType":"group","RightName":"WriteOwner","AceType":""},{"PrincipalName":"DOMAIN ADMINS@CLEOPATRA.PVT","PrincipalType":"group","RightName":"WriteDacl","AceType":""},{"PrincipalName":"ENTERPRISE ADMINS@CLEOPATRA.PVT","PrincipalType":"group","RightName":"GenericWrite","AceType":""},{"PrincipalName":"ENTERPRISE ADMINS@CLEOPATRA.PVT","PrincipalType":"group","RightName":"WriteOwner","AceType":""},{"PrincipalName":"ENTERPRISE ADMINS@CLEOPATRA.PVT","PrincipalType":"group","RightName":"WriteDacl","AceType":""},{"PrincipalName":"ADMINISTRATORS@CLEOPATRA.PVT","PrincipalType":"group","RightName":"GenericWrite","AceType":""},{"PrincipalName":"ADMINISTRATORS@CLEOPATRA.PVT","PrincipalType":"group","RightName":"WriteOwner","AceType":""},{"PrincipalName":"ADMINISTRATORS@CLEOPATRA.PVT","PrincipalType":"group","RightName":"WriteDacl","AceType":""}],"Members":[]},{"Properties":{"highvalue":true,"domain":"CLEOPATRA.PVT","objectsid":"S-1-5-32-550","admincount":true,"description":"Members can administer printers installed on domain controllers"},"Name":"PRINT OPERATORS@CLEOPATRA.PVT","Aces":[{"PrincipalName":"DOMAIN ADMINS@CLEOPATRA.PVT","PrincipalType":"group","RightName":"Owner","AceType":""},{"PrincipalName":"DOMAIN ADMINS@CLEOPATRA.PVT","PrincipalType":"group","RightName":"GenericWrite","AceType":""},{"PrincipalName":"DOMAIN ADMINS@CLEOPATRA.PVT","PrincipalType":"group","RightName":"WriteOwner","AceType":""},{"PrincipalName":"DOMAIN ADMINS@CLEOPATRA.PVT","PrincipalType":"group","RightName":"WriteDacl","AceType":""},{"PrincipalName":"ENTERPRISE ADMINS@CLEOPATRA.PVT","PrincipalType":"group","RightName":"GenericWrite","AceType":""},{"PrincipalName":"ENTERPRISE ADMINS@CLEOPATRA.PVT","PrincipalType":"group","RightName":"WriteOwner","AceType":""},{"PrincipalName":"ENTERPRISE ADMINS@CLEOPATRA.PVT","PrincipalType":"group","RightName":"WriteDacl","AceType":""},{"PrincipalName":"ADMINISTRATORS@CLEOPATRA.PVT","PrincipalType":"group","RightName":"GenericWrite","AceType":""},{"PrincipalName":"ADMINISTRATORS@CLEOPATRA.PVT","PrincipalType":"group","RightName":"WriteOwner","AceType":""},{"PrincipalName":"ADMINISTRATORS@CLEOPATRA.PVT","PrincipalType":"group","RightName":"WriteDacl","AceType":""}],"Members":[]},{"Properties":{"highvalue":false,"domain":"CLEOPATRA.PVT","objectsid":"S-1-5-32-555","admincount":false,"description":"Members in this group are granted the right to logon remotely"},"Name":"REMOTE DESKTOP USERS@CLEOPATRA.PVT","Aces":[{"PrincipalName":"ADMINISTRATORS@CLEOPATRA.PVT","PrincipalType":"group","RightName":"Owner","AceType":""},{"PrincipalName":"DOMAIN ADMINS@CLEOPATRA.PVT","PrincipalType":"group","RightName":"GenericAll","AceType":""},{"PrincipalName":"ACCOUNT OPERATORS@CLEOPATRA.PVT","PrincipalType":"group","RightName":"GenericAll","AceType":""},{"PrincipalName":"ENTERPRISE ADMINS@CLEOPATRA.PVT","PrincipalType":"group","RightName":"GenericAll","AceType":""},{"PrincipalName":"ADMINISTRATORS@CLEOPATRA.PVT","PrincipalType":"group","RightName":"GenericWrite","AceType":""},{"PrincipalName":"ADMINISTRATORS@CLEOPATRA.PVT","PrincipalType":"group","RightName":"WriteOwner","AceType":""},{"PrincipalName":"ADMINISTRATORS@CLEOPATRA.PVT","PrincipalType":"group","RightName":"WriteDacl","AceType":""}],"Members":[]},{"Properties":{"highvalue":false,"domain":"CLEOPATRA.PVT","objectsid":"S-1-5-32-556","admincount":false,"description":"Members in this group can have some administrative privileges to manage configuration of networking features"},"Name":"NETWORK CONFIGURATION OPERATORS@CLEOPATRA.PVT","Aces":[{"PrincipalName":"ADMINISTRATORS@CLEOPATRA.PVT","PrincipalType":"group","RightName":"Owner","AceType":""},{"PrincipalName":"DOMAIN ADMINS@CLEOPATRA.PVT","PrincipalType":"group","RightName":"GenericAll","AceType":""},{"PrincipalName":"ACCOUNT OPERATORS@CLEOPATRA.PVT","PrincipalType":"group","RightName":"GenericAll","AceType":""},{"PrincipalName":"ENTERPRISE ADMINS@CLEOPATRA.PVT","PrincipalType":"group","RightName":"GenericAll","AceType":""},{"PrincipalName":"ADMINISTRATORS@CLEOPATRA.PVT","PrincipalType":"group","RightName":"GenericWrite","AceType":""},{"PrincipalName":"ADMINISTRATORS@CLEOPATRA.PVT","PrincipalType":"group","RightName":"WriteOwner","AceType":""},{"PrincipalName":"ADMINISTRATORS@CLEOPATRA.PVT","PrincipalType":"group","RightName":"WriteDacl","AceType":""}],"Members":[]},{"Properties":{"highvalue":false,"domain":"CLEOPATRA.PVT","objectsid":"S-1-5-32-545","admincount":false,"description":"Users are prevented from making accidental or intentional system-wide changes and can run most applications"},"Name":"USERS@CLEOPATRA.PVT","Aces":[{"PrincipalName":"ADMINISTRATORS@CLEOPATRA.PVT","PrincipalType":"group","RightName":"Owner","AceType":""},{"PrincipalName":"DOMAIN ADMINS@CLEOPATRA.PVT","PrincipalType":"group","RightName":"GenericAll","AceType":""},{"PrincipalName":"ACCOUNT OPERATORS@CLEOPATRA.PVT","PrincipalType":"group","RightName":"GenericAll","AceType":""},{"PrincipalName":"ENTERPRISE ADMINS@CLEOPATRA.PVT","PrincipalType":"group","RightName":"GenericAll","AceType":""},{"PrincipalName":"ADMINISTRATORS@CLEOPATRA.PVT","PrincipalType":"group","RightName":"GenericWrite","AceType":""},{"PrincipalName":"ADMINISTRATORS@CLEOPATRA.PVT","PrincipalType":"group","RightName":"WriteOwner","AceType":""},{"PrincipalName":"ADMINISTRATORS@CLEOPATRA.PVT","PrincipalType":"group","RightName":"WriteDacl","AceType":""}],"Members":[{"MemberName":"DOMAIN USERS@CLEOPATRA.PVT","MemberType":"group"},{"MemberName":"AUTHENTICATED USERS@CLEOPATRA.PVT","MemberType":"group"},{"MemberName":"INTERACTIVE@CLEOPATRA.PVT","MemberType":"group"}]},{"Properties":{"highvalue":false,"domain":"CLEOPATRA.PVT","objectsid":"S-1-5-21-132247282-1934772012-3754461112-1000","admincount":false,"description":"Members of this group can access WMI resources over management protocols (such as WS-Management via the Windows Remote Management service). This applies only to WMI namespaces that grant access to the user."},"Name":"WINRMREMOTEWMIUSERS__@CLEOPATRA.PVT","Aces":[{"PrincipalName":"ADMINISTRATORS@CLEOPATRA.PVT","PrincipalType":"group","RightName":"Owner","AceType":""},{"PrincipalName":"DOMAIN ADMINS@CLEOPATRA.PVT","PrincipalType":"group","RightName":"GenericAll","AceType":""},{"PrincipalName":"ACCOUNT OPERATORS@CLEOPATRA.PVT","PrincipalType":"group","RightName":"GenericAll","AceType":""},{"PrincipalName":"ENTERPRISE ADMINS@CLEOPATRA.PVT","PrincipalType":"group","RightName":"GenericAll","AceType":""},{"PrincipalName":"ADMINISTRATORS@CLEOPATRA.PVT","PrincipalType":"group","RightName":"GenericWrite","AceType":""},{"PrincipalName":"ADMINISTRATORS@CLEOPATRA.PVT","PrincipalType":"group","RightName":"WriteOwner","AceType":""},{"PrincipalName":"ADMINISTRATORS@CLEOPATRA.PVT","PrincipalType":"group","RightName":"WriteDacl","AceType":""}],"Members":[]},{"Properties":{"highvalue":false,"domain":"CLEOPATRA.PVT","objectsid":"S-1-5-32-558","admincount":false,"description":"Members of this group can access performance counter data locally and remotely"},"Name":"PERFORMANCE MONITOR USERS@CLEOPATRA.PVT","Aces":[{"PrincipalName":"ADMINISTRATORS@CLEOPATRA.PVT","PrincipalType":"group","RightName":"Owner","AceType":""},{"PrincipalName":"DOMAIN ADMINS@CLEOPATRA.PVT","PrincipalType":"group","RightName":"GenericAll","AceType":""},{"PrincipalName":"ACCOUNT OPERATORS@CLEOPATRA.PVT","PrincipalType":"group","RightName":"GenericAll","AceType":""},{"PrincipalName":"ENTERPRISE ADMINS@CLEOPATRA.PVT","PrincipalType":"group","RightName":"GenericAll","AceType":""},{"PrincipalName":"ADMINISTRATORS@CLEOPATRA.PVT","PrincipalType":"group","RightName":"GenericWrite","AceType":""},{"PrincipalName":"ADMINISTRATORS@CLEOPATRA.PVT","PrincipalType":"group","RightName":"WriteOwner","AceType":""},{"PrincipalName":"ADMINISTRATORS@CLEOPATRA.PVT","PrincipalType":"group","RightName":"WriteDacl","AceType":""}],"Members":[]},{"Properties":{"highvalue":false,"domain":"CLEOPATRA.PVT","objectsid":"S-1-5-32-559","admincount":false,"description":"Members of this group may schedule logging of performance counters, enable trace providers, and collect event traces both locally and via remote access to this computer"},"Name":"PERFORMANCE LOG USERS@CLEOPATRA.PVT","Aces":[{"PrincipalName":"ADMINISTRATORS@CLEOPATRA.PVT","PrincipalType":"group","RightName":"Owner","AceType":""},{"PrincipalName":"DOMAIN ADMINS@CLEOPATRA.PVT","PrincipalType":"group","RightName":"GenericAll","AceType":""},{"PrincipalName":"ACCOUNT OPERATORS@CLEOPATRA.PVT","PrincipalType":"group","RightName":"GenericAll","AceType":""},{"PrincipalName":"ENTERPRISE ADMINS@CLEOPATRA.PVT","PrincipalType":"group","RightName":"GenericAll","AceType":""},{"PrincipalName":"ADMINISTRATORS@CLEOPATRA.PVT","PrincipalType":"group","RightName":"GenericWrite","AceType":""},{"PrincipalName":"ADMINISTRATORS@CLEOPATRA.PVT","PrincipalType":"group","RightName":"WriteOwner","AceType":""},{"PrincipalName":"ADMINISTRATORS@CLEOPATRA.PVT","PrincipalType":"group","RightName":"WriteDacl","AceType":""}],"Members":[]},{"Properties":{"highvalue":false,"domain":"CLEOPATRA.PVT","objectsid":"S-1-5-32-562","admincount":false,"description":"Members are allowed to launch, activate and use Distributed COM objects on this machine."},"Name":"DISTRIBUTED COM USERS@CLEOPATRA.PVT","Aces":[{"PrincipalName":"ADMINISTRATORS@CLEOPATRA.PVT","PrincipalType":"group","RightName":"Owner","AceType":""},{"PrincipalName":"DOMAIN ADMINS@CLEOPATRA.PVT","PrincipalType":"group","RightName":"GenericAll","AceType":""},{"PrincipalName":"ACCOUNT OPERATORS@CLEOPATRA.PVT","PrincipalType":"group","RightName":"GenericAll","AceType":""},{"PrincipalName":"ENTERPRISE ADMINS@CLEOPATRA.PVT","PrincipalType":"group","RightName":"GenericAll","AceType":""},{"PrincipalName":"ADMINISTRATORS@CLEOPATRA.PVT","PrincipalType":"group","RightName":"GenericWrite","AceType":""},{"PrincipalName":"ADMINISTRATORS@CLEOPATRA.PVT","PrincipalType":"group","RightName":"WriteOwner","AceType":""},{"PrincipalName":"ADMINISTRATORS@CLEOPATRA.PVT","PrincipalType":"group","RightName":"WriteDacl","AceType":""}],"Members":[]},{"Properties":{"highvalue":false,"domain":"CLEOPATRA.PVT","objectsid":"S-1-5-32-575","admincount":false,"description":"Servers in this group enable users of RemoteApp programs and personal virtual desktops access to these resources. In Internet-facing deployments, these servers are typically deployed in an edge network. This group needs to be populated on servers running RD Connection Broker. RD Gateway servers and RD Web Access servers used in the deployment need to be in this group."},"Name":"RDS REMOTE ACCESS SERVERS@CLEOPATRA.PVT","Aces":[{"PrincipalName":"ADMINISTRATORS@CLEOPATRA.PVT","PrincipalType":"group","RightName":"Owner","AceType":""},{"PrincipalName":"DOMAIN ADMINS@CLEOPATRA.PVT","PrincipalType":"group","RightName":"GenericAll","AceType":""},{"PrincipalName":"ACCOUNT OPERATORS@CLEOPATRA.PVT","PrincipalType":"group","RightName":"GenericAll","AceType":""},{"PrincipalName":"ENTERPRISE ADMINS@CLEOPATRA.PVT","PrincipalType":"group","RightName":"GenericAll","AceType":""},{"PrincipalName":"ADMINISTRATORS@CLEOPATRA.PVT","PrincipalType":"group","RightName":"GenericWrite","AceType":""},{"PrincipalName":"ADMINISTRATORS@CLEOPATRA.PVT","PrincipalType":"group","RightName":"WriteOwner","AceType":""},{"PrincipalName":"ADMINISTRATORS@CLEOPATRA.PVT","PrincipalType":"group","RightName":"WriteDacl","AceType":""}],"Members":[]},{"Properties":{"highvalue":false,"domain":"CLEOPATRA.PVT","objectsid":"S-1-5-32-576","admincount":false,"description":"Servers in this group run virtual machines and host sessions where users RemoteApp programs and personal virtual desktops run. This group needs to be populated on servers running RD Connection Broker. RD Session Host servers and RD Virtualization Host servers used in the deployment need to be in this group."},"Name":"RDS ENDPOINT SERVERS@CLEOPATRA.PVT","Aces":[{"PrincipalName":"ADMINISTRATORS@CLEOPATRA.PVT","PrincipalType":"group","RightName":"Owner","AceType":""},{"PrincipalName":"DOMAIN ADMINS@CLEOPATRA.PVT","PrincipalType":"group","RightName":"GenericAll","AceType":""},{"PrincipalName":"ACCOUNT OPERATORS@CLEOPATRA.PVT","PrincipalType":"group","RightName":"GenericAll","AceType":""},{"PrincipalName":"ENTERPRISE ADMINS@CLEOPATRA.PVT","PrincipalType":"group","RightName":"GenericAll","AceType":""},{"PrincipalName":"ADMINISTRATORS@CLEOPATRA.PVT","PrincipalType":"group","RightName":"GenericWrite","AceType":""},{"PrincipalName":"ADMINISTRATORS@CLEOPATRA.PVT","PrincipalType":"group","RightName":"WriteOwner","AceType":""},{"PrincipalName":"ADMINISTRATORS@CLEOPATRA.PVT","PrincipalType":"group","RightName":"WriteDacl","AceType":""}],"Members":[]},{"Properties":{"highvalue":false,"domain":"CLEOPATRA.PVT","objectsid":"S-1-5-32-569","admincount":false,"description":"Members are authorized to perform cryptographic operations."},"Name":"CRYPTOGRAPHIC OPERATORS@CLEOPATRA.PVT","Aces":[{"PrincipalName":"ADMINISTRATORS@CLEOPATRA.PVT","PrincipalType":"group","RightName":"Owner","AceType":""},{"PrincipalName":"DOMAIN ADMINS@CLEOPATRA.PVT","PrincipalType":"group","RightName":"GenericAll","AceType":""},{"PrincipalName":"ACCOUNT OPERATORS@CLEOPATRA.PVT","PrincipalType":"group","RightName":"GenericAll","AceType":""},{"PrincipalName":"ENTERPRISE ADMINS@CLEOPATRA.PVT","PrincipalType":"group","RightName":"GenericAll","AceType":""},{"PrincipalName":"ADMINISTRATORS@CLEOPATRA.PVT","PrincipalType":"group","RightName":"GenericWrite","AceType":""},{"PrincipalName":"ADMINISTRATORS@CLEOPATRA.PVT","PrincipalType":"group","RightName":"WriteOwner","AceType":""},{"PrincipalName":"ADMINISTRATORS@CLEOPATRA.PVT","PrincipalType":"group","RightName":"WriteDacl","AceType":""}],"Members":[]},{"Properties":{"highvalue":false,"domain":"CLEOPATRA.PVT","objectsid":"S-1-5-32-568","admincount":false,"description":"Built-in group used by Internet Information Services."},"Name":"IIS_IUSRS@CLEOPATRA.PVT","Aces":[{"PrincipalName":"ADMINISTRATORS@CLEOPATRA.PVT","PrincipalType":"group","RightName":"Owner","AceType":""},{"PrincipalName":"DOMAIN ADMINS@CLEOPATRA.PVT","PrincipalType":"group","RightName":"GenericAll","AceType":""},{"PrincipalName":"ACCOUNT OPERATORS@CLEOPATRA.PVT","PrincipalType":"group","RightName":"GenericAll","AceType":""},{"PrincipalName":"ENTERPRISE ADMINS@CLEOPATRA.PVT","PrincipalType":"group","RightName":"GenericAll","AceType":""},{"PrincipalName":"ADMINISTRATORS@CLEOPATRA.PVT","PrincipalType":"group","RightName":"GenericWrite","AceType":""},{"PrincipalName":"ADMINISTRATORS@CLEOPATRA.PVT","PrincipalType":"group","RightName":"WriteOwner","AceType":""},{"PrincipalName":"ADMINISTRATORS@CLEOPATRA.PVT","PrincipalType":"group","RightName":"WriteDacl","AceType":""}],"Members":[{"MemberName":"THIS ORGANIZATION @CLEOPATRA.PVT","MemberType":"group"}]},{"Properties":{"highvalue":false,"domain":"CLEOPATRA.PVT","objectsid":"S-1-5-32-546","admincount":false,"description":"Guests have the same access as members of the Users group by default, except for the Guest account which is further restricted"},"Name":"GUESTS@CLEOPATRA.PVT","Aces":[{"PrincipalName":"ADMINISTRATORS@CLEOPATRA.PVT","PrincipalType":"group","RightName":"Owner","AceType":""},{"PrincipalName":"DOMAIN ADMINS@CLEOPATRA.PVT","PrincipalType":"group","RightName":"GenericAll","AceType":""},{"PrincipalName":"ACCOUNT OPERATORS@CLEOPATRA.PVT","PrincipalType":"group","RightName":"GenericAll","AceType":""},{"PrincipalName":"ENTERPRISE ADMINS@CLEOPATRA.PVT","PrincipalType":"group","RightName":"GenericAll","AceType":""},{"PrincipalName":"ADMINISTRATORS@CLEOPATRA.PVT","PrincipalType":"group","RightName":"GenericWrite","AceType":""},{"PrincipalName":"ADMINISTRATORS@CLEOPATRA.PVT","PrincipalType":"group","RightName":"WriteOwner","AceType":""},{"PrincipalName":"ADMINISTRATORS@CLEOPATRA.PVT","PrincipalType":"group","RightName":"WriteDacl","AceType":""}],"Members":[{"MemberName":"DOMAIN GUESTS@CLEOPATRA.PVT","MemberType":"group"},{"MemberName":"GUEST@CLEOPATRA.PVT","MemberType":"user"}]},{"Properties":{"highvalue":true,"domain":"CLEOPATRA.PVT","objectsid":"S-1-5-32-548","admincount":true,"description":"Members can administer domain user and group accounts"},"Name":"ACCOUNT OPERATORS@CLEOPATRA.PVT","Aces":[{"PrincipalName":"DOMAIN ADMINS@CLEOPATRA.PVT","PrincipalType":"group","RightName":"Owner","AceType":""},{"PrincipalName":"DOMAIN ADMINS@CLEOPATRA.PVT","PrincipalType":"group","RightName":"GenericWrite","AceType":""},{"PrincipalName":"DOMAIN ADMINS@CLEOPATRA.PVT","PrincipalType":"group","RightName":"WriteOwner","AceType":""},{"PrincipalName":"DOMAIN ADMINS@CLEOPATRA.PVT","PrincipalType":"group","RightName":"WriteDacl","AceType":""},{"PrincipalName":"ENTERPRISE ADMINS@CLEOPATRA.PVT","PrincipalType":"group","RightName":"GenericWrite","AceType":""},{"PrincipalName":"ENTERPRISE ADMINS@CLEOPATRA.PVT","PrincipalType":"group","RightName":"WriteOwner","AceType":""},{"PrincipalName":"ENTERPRISE ADMINS@CLEOPATRA.PVT","PrincipalType":"group","RightName":"WriteDacl","AceType":""},{"PrincipalName":"ADMINISTRATORS@CLEOPATRA.PVT","PrincipalType":"group","RightName":"GenericWrite","AceType":""},{"PrincipalName":"ADMINISTRATORS@CLEOPATRA.PVT","PrincipalType":"group","RightName":"WriteOwner","AceType":""},{"PrincipalName":"ADMINISTRATORS@CLEOPATRA.PVT","PrincipalType":"group","RightName":"WriteDacl","AceType":""}],"Members":[]},{"Properties":{"highvalue":true,"domain":"CLEOPATRA.PVT","objectsid":"S-1-5-32-549","admincount":true,"description":"Members can administer domain servers"},"Name":"SERVER OPERATORS@CLEOPATRA.PVT","Aces":[{"PrincipalName":"DOMAIN ADMINS@CLEOPATRA.PVT","PrincipalType":"group","RightName":"Owner","AceType":""},{"PrincipalName":"DOMAIN ADMINS@CLEOPATRA.PVT","PrincipalType":"group","RightName":"GenericWrite","AceType":""},{"PrincipalName":"DOMAIN ADMINS@CLEOPATRA.PVT","PrincipalType":"group","RightName":"WriteOwner","AceType":""},{"PrincipalName":"DOMAIN ADMINS@CLEOPATRA.PVT","PrincipalType":"group","RightName":"WriteDacl","AceType":""},{"PrincipalName":"ENTERPRISE ADMINS@CLEOPATRA.PVT","PrincipalType":"group","RightName":"GenericWrite","AceType":""},{"PrincipalName":"ENTERPRISE ADMINS@CLEOPATRA.PVT","PrincipalType":"group","RightName":"WriteOwner","AceType":""},{"PrincipalName":"ENTERPRISE ADMINS@CLEOPATRA.PVT","PrincipalType":"group","RightName":"WriteDacl","AceType":""},{"PrincipalName":"ADMINISTRATORS@CLEOPATRA.PVT","PrincipalType":"group","RightName":"GenericWrite","AceType":""},{"PrincipalName":"ADMINISTRATORS@CLEOPATRA.PVT","PrincipalType":"group","RightName":"WriteOwner","AceType":""},{"PrincipalName":"ADMINISTRATORS@CLEOPATRA.PVT","PrincipalType":"group","RightName":"WriteDacl","AceType":""}],"Members":[]},{"Properties":{"highvalue":false,"domain":"CLEOPATRA.PVT","objectsid":"S-1-5-32-573","admincount":false,"description":"Members of this group can read event logs from local machine"},"Name":"EVENT LOG READERS@CLEOPATRA.PVT","Aces":[{"PrincipalName":"ADMINISTRATORS@CLEOPATRA.PVT","PrincipalType":"group","RightName":"Owner","AceType":""},{"PrincipalName":"DOMAIN ADMINS@CLEOPATRA.PVT","PrincipalType":"group","RightName":"GenericAll","AceType":""},{"PrincipalName":"ACCOUNT OPERATORS@CLEOPATRA.PVT","PrincipalType":"group","RightName":"GenericAll","AceType":""},{"PrincipalName":"ENTERPRISE ADMINS@CLEOPATRA.PVT","PrincipalType":"group","RightName":"GenericAll","AceType":""},{"PrincipalName":"ADMINISTRATORS@CLEOPATRA.PVT","PrincipalType":"group","RightName":"GenericWrite","AceType":""},{"PrincipalName":"ADMINISTRATORS@CLEOPATRA.PVT","PrincipalType":"group","RightName":"WriteOwner","AceType":""},{"PrincipalName":"ADMINISTRATORS@CLEOPATRA.PVT","PrincipalType":"group","RightName":"WriteDacl","AceType":""}],"Members":[]},{"Properties":{"highvalue":false,"domain":"CLEOPATRA.PVT","objectsid":"S-1-5-32-574","admincount":false,"description":"Members of this group are allowed to connect to Certification Authorities in the enterprise"},"Name":"CERTIFICATE SERVICE DCOM ACCESS@CLEOPATRA.PVT","Aces":[{"PrincipalName":"ADMINISTRATORS@CLEOPATRA.PVT","PrincipalType":"group","RightName":"Owner","AceType":""},{"PrincipalName":"DOMAIN ADMINS@CLEOPATRA.PVT","PrincipalType":"group","RightName":"GenericAll","AceType":""},{"PrincipalName":"ACCOUNT OPERATORS@CLEOPATRA.PVT","PrincipalType":"group","RightName":"GenericAll","AceType":""},{"PrincipalName":"ENTERPRISE ADMINS@CLEOPATRA.PVT","PrincipalType":"group","RightName":"GenericAll","AceType":""},{"PrincipalName":"ADMINISTRATORS@CLEOPATRA.PVT","PrincipalType":"group","RightName":"GenericWrite","AceType":""},{"PrincipalName":"ADMINISTRATORS@CLEOPATRA.PVT","PrincipalType":"group","RightName":"WriteOwner","AceType":""},{"PrincipalName":"ADMINISTRATORS@CLEOPATRA.PVT","PrincipalType":"group","RightName":"WriteDacl","AceType":""}],"Members":[]},{"Properties":{"highvalue":false,"domain":"CLEOPATRA.PVT","objectsid":"S-1-5-32-577","admincount":false,"description":"Servers in this group can perform routine administrative actions on servers running Remote Desktop Services. This group needs to be populated on all servers in a Remote Desktop Services deployment. The servers running the RDS Central Management service must be included in this group."},"Name":"RDS MANAGEMENT SERVERS@CLEOPATRA.PVT","Aces":[{"PrincipalName":"ADMINISTRATORS@CLEOPATRA.PVT","PrincipalType":"group","RightName":"Owner","AceType":""},{"PrincipalName":"DOMAIN ADMINS@CLEOPATRA.PVT","PrincipalType":"group","RightName":"GenericAll","AceType":""},{"PrincipalName":"ACCOUNT OPERATORS@CLEOPATRA.PVT","PrincipalType":"group","RightName":"GenericAll","AceType":""},{"PrincipalName":"ENTERPRISE ADMINS@CLEOPATRA.PVT","PrincipalType":"group","RightName":"GenericAll","AceType":""},{"PrincipalName":"ADMINISTRATORS@CLEOPATRA.PVT","PrincipalType":"group","RightName":"GenericWrite","AceType":""},{"PrincipalName":"ADMINISTRATORS@CLEOPATRA.PVT","PrincipalType":"group","RightName":"WriteOwner","AceType":""},{"PrincipalName":"ADMINISTRATORS@CLEOPATRA.PVT","PrincipalType":"group","RightName":"WriteDacl","AceType":""}],"Members":[]},{"Properties":{"highvalue":false,"domain":"CLEOPATRA.PVT","objectsid":"S-1-5-32-578","admincount":false,"description":"Members of this group have complete and unrestricted access to all features of Hyper-V."},"Name":"HYPER-V ADMINISTRATORS@CLEOPATRA.PVT","Aces":[{"PrincipalName":"ADMINISTRATORS@CLEOPATRA.PVT","PrincipalType":"group","RightName":"Owner","AceType":""},{"PrincipalName":"DOMAIN ADMINS@CLEOPATRA.PVT","PrincipalType":"group","RightName":"GenericAll","AceType":""},{"PrincipalName":"ACCOUNT OPERATORS@CLEOPATRA.PVT","PrincipalType":"group","RightName":"GenericAll","AceType":""},{"PrincipalName":"ENTERPRISE ADMINS@CLEOPATRA.PVT","PrincipalType":"group","RightName":"GenericAll","AceType":""},{"PrincipalName":"ADMINISTRATORS@CLEOPATRA.PVT","PrincipalType":"group","RightName":"GenericWrite","AceType":""},{"PrincipalName":"ADMINISTRATORS@CLEOPATRA.PVT","PrincipalType":"group","RightName":"WriteOwner","AceType":""},{"PrincipalName":"ADMINISTRATORS@CLEOPATRA.PVT","PrincipalType":"group","RightName":"WriteDacl","AceType":""}],"Members":[]},{"Properties":{"highvalue":false,"domain":"CLEOPATRA.PVT","objectsid":"S-1-5-21-132247282-1934772012-3754461112-517","admincount":false,"description":"Members of this group are permitted to publish certificates to the directory"},"Name":"CERT PUBLISHERS@CLEOPATRA.PVT","Aces":[{"PrincipalName":"DOMAIN ADMINS@CLEOPATRA.PVT","PrincipalType":"group","RightName":"Owner","AceType":""},{"PrincipalName":"DOMAIN ADMINS@CLEOPATRA.PVT","PrincipalType":"group","RightName":"GenericAll","AceType":""},{"PrincipalName":"ACCOUNT OPERATORS@CLEOPATRA.PVT","PrincipalType":"group","RightName":"GenericAll","AceType":""},{"PrincipalName":"ENTERPRISE ADMINS@CLEOPATRA.PVT","PrincipalType":"group","RightName":"GenericAll","AceType":""},{"PrincipalName":"ADMINISTRATORS@CLEOPATRA.PVT","PrincipalType":"group","RightName":"GenericWrite","AceType":""},{"PrincipalName":"ADMINISTRATORS@CLEOPATRA.PVT","PrincipalType":"group","RightName":"WriteOwner","AceType":""},{"PrincipalName":"ADMINISTRATORS@CLEOPATRA.PVT","PrincipalType":"group","RightName":"WriteDacl","AceType":""}],"Members":[]},{"Properties":{"highvalue":false,"domain":"CLEOPATRA.PVT","objectsid":"S-1-5-32-580","admincount":false,"description":"Members of this group can access WMI resources over management protocols (such as WS-Management via the Windows Remote Management service). This applies only to WMI namespaces that grant access to the user."},"Name":"REMOTE MANAGEMENT USERS@CLEOPATRA.PVT","Aces":[{"PrincipalName":"ADMINISTRATORS@CLEOPATRA.PVT","PrincipalType":"group","RightName":"Owner","AceType":""},{"PrincipalName":"DOMAIN ADMINS@CLEOPATRA.PVT","PrincipalType":"group","RightName":"GenericAll","AceType":""},{"PrincipalName":"ACCOUNT OPERATORS@CLEOPATRA.PVT","PrincipalType":"group","RightName":"GenericAll","AceType":""},{"PrincipalName":"ENTERPRISE ADMINS@CLEOPATRA.PVT","PrincipalType":"group","RightName":"GenericAll","AceType":""},{"PrincipalName":"ADMINISTRATORS@CLEOPATRA.PVT","PrincipalType":"group","RightName":"GenericWrite","AceType":""},{"PrincipalName":"ADMINISTRATORS@CLEOPATRA.PVT","PrincipalType":"group","RightName":"WriteOwner","AceType":""},{"PrincipalName":"ADMINISTRATORS@CLEOPATRA.PVT","PrincipalType":"group","RightName":"WriteDacl","AceType":""}],"Members":[]},{"Properties":{"highvalue":false,"domain":"CLEOPATRA.PVT","objectsid":"S-1-5-32-560","admincount":false,"description":"Members of this group have access to the computed tokenGroupsGlobalAndUniversal attribute on User objects"},"Name":"WINDOWS AUTHORIZATION ACCESS GROUP@CLEOPATRA.PVT","Aces":[{"PrincipalName":"DOMAIN ADMINS@CLEOPATRA.PVT","PrincipalType":"group","RightName":"Owner","AceType":""},{"PrincipalName":"DOMAIN ADMINS@CLEOPATRA.PVT","PrincipalType":"group","RightName":"GenericAll","AceType":""},{"PrincipalName":"ACCOUNT OPERATORS@CLEOPATRA.PVT","PrincipalType":"group","RightName":"GenericAll","AceType":""},{"PrincipalName":"ENTERPRISE ADMINS@CLEOPATRA.PVT","PrincipalType":"group","RightName":"GenericAll","AceType":""},{"PrincipalName":"ADMINISTRATORS@CLEOPATRA.PVT","PrincipalType":"group","RightName":"GenericWrite","AceType":""},{"PrincipalName":"ADMINISTRATORS@CLEOPATRA.PVT","PrincipalType":"group","RightName":"WriteOwner","AceType":""},{"PrincipalName":"ADMINISTRATORS@CLEOPATRA.PVT","PrincipalType":"group","RightName":"WriteDacl","AceType":""}],"Members":[{"MemberName":"ENTERPRISE DOMAIN CONTROLLERS@CLEOPATRA.PVT","MemberType":"group"}]},{"Properties":{"highvalue":false,"domain":"CLEOPATRA.PVT","objectsid":"S-1-5-32-557","admincount":false,"description":"Members of this group can create incoming, one-way trusts to this forest"},"Name":"INCOMING FOREST TRUST BUILDERS@CLEOPATRA.PVT","Aces":[{"PrincipalName":"DOMAIN ADMINS@CLEOPATRA.PVT","PrincipalType":"group","RightName":"Owner","AceType":""},{"PrincipalName":"DOMAIN ADMINS@CLEOPATRA.PVT","PrincipalType":"group","RightName":"GenericAll","AceType":""},{"PrincipalName":"ACCOUNT OPERATORS@CLEOPATRA.PVT","PrincipalType":"group","RightName":"GenericAll","AceType":""},{"PrincipalName":"ENTERPRISE ADMINS@CLEOPATRA.PVT","PrincipalType":"group","RightName":"GenericAll","AceType":""},{"PrincipalName":"ADMINISTRATORS@CLEOPATRA.PVT","PrincipalType":"group","RightName":"GenericWrite","AceType":""},{"PrincipalName":"ADMINISTRATORS@CLEOPATRA.PVT","PrincipalType":"group","RightName":"WriteOwner","AceType":""},{"PrincipalName":"ADMINISTRATORS@CLEOPATRA.PVT","PrincipalType":"group","RightName":"WriteDacl","AceType":""}],"Members":[]},{"Properties":{"highvalue":false,"domain":"CLEOPATRA.PVT","objectsid":"S-1-5-32-561","admincount":false,"description":"Members of this group can update user accounts in Active Directory with information about license issuance, for the purpose of tracking and reporting TS Per User CAL usage"},"Name":"TERMINAL SERVER LICENSE SERVERS@CLEOPATRA.PVT","Aces":[{"PrincipalName":"DOMAIN ADMINS@CLEOPATRA.PVT","PrincipalType":"group","RightName":"Owner","AceType":""},{"PrincipalName":"DOMAIN ADMINS@CLEOPATRA.PVT","PrincipalType":"group","RightName":"GenericAll","AceType":""},{"PrincipalName":"ACCOUNT OPERATORS@CLEOPATRA.PVT","PrincipalType":"group","RightName":"GenericAll","AceType":""},{"PrincipalName":"ENTERPRISE ADMINS@CLEOPATRA.PVT","PrincipalType":"group","RightName":"GenericAll","AceType":""},{"PrincipalName":"ADMINISTRATORS@CLEOPATRA.PVT","PrincipalType":"group","RightName":"GenericWrite","AceType":""},{"PrincipalName":"ADMINISTRATORS@CLEOPATRA.PVT","PrincipalType":"group","RightName":"WriteOwner","AceType":""},{"PrincipalName":"ADMINISTRATORS@CLEOPATRA.PVT","PrincipalType":"group","RightName":"WriteDacl","AceType":""}],"Members":[]},{"Properties":{"highvalue":false,"domain":"CLEOPATRA.PVT","objectsid":"S-1-5-32-579","admincount":false,"description":"Members of this group can remotely query authorization attributes and permissions for resources on this computer."},"Name":"ACCESS CONTROL ASSISTANCE OPERATORS@CLEOPATRA.PVT","Aces":[{"PrincipalName":"ADMINISTRATORS@CLEOPATRA.PVT","PrincipalType":"group","RightName":"Owner","AceType":""},{"PrincipalName":"DOMAIN ADMINS@CLEOPATRA.PVT","PrincipalType":"group","RightName":"GenericAll","AceType":""},{"PrincipalName":"ACCOUNT OPERATORS@CLEOPATRA.PVT","PrincipalType":"group","RightName":"GenericAll","AceType":""},{"PrincipalName":"ENTERPRISE ADMINS@CLEOPATRA.PVT","PrincipalType":"group","RightName":"GenericAll","AceType":""},{"PrincipalName":"ADMINISTRATORS@CLEOPATRA.PVT","PrincipalType":"group","RightName":"GenericWrite","AceType":""},{"PrincipalName":"ADMINISTRATORS@CLEOPATRA.PVT","PrincipalType":"group","RightName":"WriteOwner","AceType":""},{"PrincipalName":"ADMINISTRATORS@CLEOPATRA.PVT","PrincipalType":"group","RightName":"WriteDacl","AceType":""}],"Members":[]},{"Properties":{"highvalue":false,"domain":"CLEOPATRA.PVT","objectsid":"S-1-5-21-132247282-1934772012-3754461112-571","admincount":false,"description":"Members in this group can have their passwords replicated to all read-only domain controllers in the domain"},"Name":"ALLOWED RODC PASSWORD REPLICATION GROUP@CLEOPATRA.PVT","Aces":[{"PrincipalName":"DOMAIN ADMINS@CLEOPATRA.PVT","PrincipalType":"group","RightName":"Owner","AceType":""},{"PrincipalName":"DOMAIN ADMINS@CLEOPATRA.PVT","PrincipalType":"group","RightName":"GenericAll","AceType":""},{"PrincipalName":"ACCOUNT OPERATORS@CLEOPATRA.PVT","PrincipalType":"group","RightName":"GenericAll","AceType":""},{"PrincipalName":"ENTERPRISE ADMINS@CLEOPATRA.PVT","PrincipalType":"group","RightName":"GenericAll","AceType":""},{"PrincipalName":"ADMINISTRATORS@CLEOPATRA.PVT","PrincipalType":"group","RightName":"GenericWrite","AceType":""},{"PrincipalName":"ADMINISTRATORS@CLEOPATRA.PVT","PrincipalType":"group","RightName":"WriteOwner","AceType":""},{"PrincipalName":"ADMINISTRATORS@CLEOPATRA.PVT","PrincipalType":"group","RightName":"WriteDacl","AceType":""}],"Members":[]},{"Properties":{"highvalue":false,"domain":"CLEOPATRA.PVT","objectsid":"S-1-5-32-554","admincount":false,"description":"A backward compatibility group which allows read access on all users and groups in the domain"},"Name":"PRE-WINDOWS 2000 COMPATIBLE ACCESS@CLEOPATRA.PVT","Aces":[{"PrincipalName":"DOMAIN ADMINS@CLEOPATRA.PVT","PrincipalType":"group","RightName":"Owner","AceType":""},{"PrincipalName":"DOMAIN ADMINS@CLEOPATRA.PVT","PrincipalType":"group","RightName":"GenericAll","AceType":""},{"PrincipalName":"ACCOUNT OPERATORS@CLEOPATRA.PVT","PrincipalType":"group","RightName":"GenericAll","AceType":""},{"PrincipalName":"ENTERPRISE ADMINS@CLEOPATRA.PVT","PrincipalType":"group","RightName":"GenericAll","AceType":""},{"PrincipalName":"ADMINISTRATORS@CLEOPATRA.PVT","PrincipalType":"group","RightName":"GenericWrite","AceType":""},{"PrincipalName":"ADMINISTRATORS@CLEOPATRA.PVT","PrincipalType":"group","RightName":"WriteOwner","AceType":""},{"PrincipalName":"ADMINISTRATORS@CLEOPATRA.PVT","PrincipalType":"group","RightName":"WriteDacl","AceType":""}],"Members":[{"MemberName":"AUTHENTICATED USERS@CLEOPATRA.PVT","MemberType":"group"}]},{"Properties":{"highvalue":false,"domain":"CLEOPATRA.PVT","objectsid":"S-1-5-21-132247282-1934772012-3754461112-553","admincount":false,"description":"Servers in this group can access remote access properties of users"},"Name":"RAS AND IAS SERVERS@CLEOPATRA.PVT","Aces":[{"PrincipalName":"DOMAIN ADMINS@CLEOPATRA.PVT","PrincipalType":"group","RightName":"Owner","AceType":""},{"PrincipalName":"DOMAIN ADMINS@CLEOPATRA.PVT","PrincipalType":"group","RightName":"GenericAll","AceType":""},{"PrincipalName":"ACCOUNT OPERATORS@CLEOPATRA.PVT","PrincipalType":"group","RightName":"GenericAll","AceType":""},{"PrincipalName":"ENTERPRISE ADMINS@CLEOPATRA.PVT","PrincipalType":"group","RightName":"GenericAll","AceType":""},{"PrincipalName":"ADMINISTRATORS@CLEOPATRA.PVT","PrincipalType":"group","RightName":"GenericWrite","AceType":""},{"PrincipalName":"ADMINISTRATORS@CLEOPATRA.PVT","PrincipalType":"group","RightName":"WriteOwner","AceType":""},{"PrincipalName":"ADMINISTRATORS@CLEOPATRA.PVT","PrincipalType":"group","RightName":"WriteDacl","AceType":""}],"Members":[]},{"Properties":{"highvalue":false,"domain":"CLEOPATRA.PVT","objectsid":"S-1-5-21-132247282-1934772012-3754461112-1102","admincount":false,"description":"DNS Administrators Group"},"Name":"DNSADMINS@CLEOPATRA.PVT","Aces":[{"PrincipalName":"DOMAIN ADMINS@CLEOPATRA.PVT","PrincipalType":"group","RightName":"GenericAll","AceType":""},{"PrincipalName":"ACCOUNT OPERATORS@CLEOPATRA.PVT","PrincipalType":"group","RightName":"GenericAll","AceType":""},{"PrincipalName":"ENTERPRISE ADMINS@CLEOPATRA.PVT","PrincipalType":"group","RightName":"GenericAll","AceType":""},{"PrincipalName":"ADMINISTRATORS@CLEOPATRA.PVT","PrincipalType":"group","RightName":"GenericWrite","AceType":""},{"PrincipalName":"ADMINISTRATORS@CLEOPATRA.PVT","PrincipalType":"group","RightName":"WriteOwner","AceType":""},{"PrincipalName":"ADMINISTRATORS@CLEOPATRA.PVT","PrincipalType":"group","RightName":"WriteDacl","AceType":""}],"Members":[{"MemberName":"DNSADMIN@CLEOPATRA.PVT","MemberType":"user"}]},{"Properties":{"highvalue":false,"domain":"CLEOPATRA.PVT","objectsid":"S-1-5-21-132247282-1934772012-3754461112-518","admincount":true,"description":"Designated administrators of the schema"},"Name":"SCHEMA ADMINS@CLEOPATRA.PVT","Aces":[{"PrincipalName":"DOMAIN ADMINS@CLEOPATRA.PVT","PrincipalType":"group","RightName":"Owner","AceType":""},{"PrincipalName":"DOMAIN ADMINS@CLEOPATRA.PVT","PrincipalType":"group","RightName":"GenericWrite","AceType":""},{"PrincipalName":"DOMAIN ADMINS@CLEOPATRA.PVT","PrincipalType":"group","RightName":"WriteOwner","AceType":""},{"PrincipalName":"DOMAIN ADMINS@CLEOPATRA.PVT","PrincipalType":"group","RightName":"WriteDacl","AceType":""},{"PrincipalName":"ENTERPRISE ADMINS@CLEOPATRA.PVT","PrincipalType":"group","RightName":"GenericWrite","AceType":""},{"PrincipalName":"ENTERPRISE ADMINS@CLEOPATRA.PVT","PrincipalType":"group","RightName":"WriteOwner","AceType":""},{"PrincipalName":"ENTERPRISE ADMINS@CLEOPATRA.PVT","PrincipalType":"group","RightName":"WriteDacl","AceType":""},{"PrincipalName":"ADMINISTRATORS@CLEOPATRA.PVT","PrincipalType":"group","RightName":"GenericWrite","AceType":""},{"PrincipalName":"ADMINISTRATORS@CLEOPATRA.PVT","PrincipalType":"group","RightName":"WriteOwner","AceType":""},{"PrincipalName":"ADMINISTRATORS@CLEOPATRA.PVT","PrincipalType":"group","RightName":"WriteDacl","AceType":""}],"Members":[{"MemberName":"ADMINISTRATOR@CLEOPATRA.PVT","MemberType":"user"}]},{"Properties":{"highvalue":true,"domain":"CLEOPATRA.PVT","objectsid":"S-1-5-21-132247282-1934772012-3754461112-519","admincount":true,"description":"Designated administrators of the enterprise"},"Name":"ENTERPRISE ADMINS@CLEOPATRA.PVT","Aces":[{"PrincipalName":"DOMAIN ADMINS@CLEOPATRA.PVT","PrincipalType":"group","RightName":"Owner","AceType":""},{"PrincipalName":"DOMAIN ADMINS@CLEOPATRA.PVT","PrincipalType":"group","RightName":"GenericWrite","AceType":""},{"PrincipalName":"DOMAIN ADMINS@CLEOPATRA.PVT","PrincipalType":"group","RightName":"WriteOwner","AceType":""},{"PrincipalName":"DOMAIN ADMINS@CLEOPATRA.PVT","PrincipalType":"group","RightName":"WriteDacl","AceType":""},{"PrincipalName":"ENTERPRISE ADMINS@CLEOPATRA.PVT","PrincipalType":"group","RightName":"GenericWrite","AceType":""},{"PrincipalName":"ENTERPRISE ADMINS@CLEOPATRA.PVT","PrincipalType":"group","RightName":"WriteOwner","AceType":""},{"PrincipalName":"ENTERPRISE ADMINS@CLEOPATRA.PVT","PrincipalType":"group","RightName":"WriteDacl","AceType":""},{"PrincipalName":"ADMINISTRATORS@CLEOPATRA.PVT","PrincipalType":"group","RightName":"GenericWrite","AceType":""},{"PrincipalName":"ADMINISTRATORS@CLEOPATRA.PVT","PrincipalType":"group","RightName":"WriteOwner","AceType":""},{"PrincipalName":"ADMINISTRATORS@CLEOPATRA.PVT","PrincipalType":"group","RightName":"WriteDacl","AceType":""}],"Members":[{"MemberName":"ADMINISTRATOR@CLEOPATRA.PVT","MemberType":"user"}]},{"Properties":{"highvalue":true,"domain":"CLEOPATRA.PVT","objectsid":"S-1-5-21-132247282-1934772012-3754461112-516","admincount":true,"description":"All domain controllers in the domain"},"Name":"DOMAIN CONTROLLERS@CLEOPATRA.PVT","Aces":[{"PrincipalName":"DOMAIN ADMINS@CLEOPATRA.PVT","PrincipalType":"group","RightName":"Owner","AceType":""},{"PrincipalName":"DOMAIN ADMINS@CLEOPATRA.PVT","PrincipalType":"group","RightName":"GenericWrite","AceType":""},{"PrincipalName":"DOMAIN ADMINS@CLEOPATRA.PVT","PrincipalType":"group","RightName":"WriteOwner","AceType":""},{"PrincipalName":"DOMAIN ADMINS@CLEOPATRA.PVT","PrincipalType":"group","RightName":"WriteDacl","AceType":""},{"PrincipalName":"ENTERPRISE ADMINS@CLEOPATRA.PVT","PrincipalType":"group","RightName":"GenericWrite","AceType":""},{"PrincipalName":"ENTERPRISE ADMINS@CLEOPATRA.PVT","PrincipalType":"group","RightName":"WriteOwner","AceType":""},{"PrincipalName":"ENTERPRISE ADMINS@CLEOPATRA.PVT","PrincipalType":"group","RightName":"WriteDacl","AceType":""},{"PrincipalName":"ADMINISTRATORS@CLEOPATRA.PVT","PrincipalType":"group","RightName":"GenericWrite","AceType":""},{"PrincipalName":"ADMINISTRATORS@CLEOPATRA.PVT","PrincipalType":"group","RightName":"WriteOwner","AceType":""},{"PrincipalName":"ADMINISTRATORS@CLEOPATRA.PVT","PrincipalType":"group","RightName":"WriteDacl","AceType":""}],"Members":[]},{"Properties":{"highvalue":false,"domain":"CLEOPATRA.PVT","objectsid":"S-1-5-21-132247282-1934772012-3754461112-572","admincount":false,"description":"Members in this group cannot have their passwords replicated to any read-only domain controllers in the domain"},"Name":"DENIED RODC PASSWORD REPLICATION GROUP@CLEOPATRA.PVT","Aces":[{"PrincipalName":"DOMAIN ADMINS@CLEOPATRA.PVT","PrincipalType":"group","RightName":"Owner","AceType":""},{"PrincipalName":"DOMAIN ADMINS@CLEOPATRA.PVT","PrincipalType":"group","RightName":"GenericAll","AceType":""},{"PrincipalName":"ACCOUNT OPERATORS@CLEOPATRA.PVT","PrincipalType":"group","RightName":"GenericAll","AceType":""},{"PrincipalName":"ENTERPRISE ADMINS@CLEOPATRA.PVT","PrincipalType":"group","RightName":"GenericAll","AceType":""},{"PrincipalName":"ADMINISTRATORS@CLEOPATRA.PVT","PrincipalType":"group","RightName":"GenericWrite","AceType":""},{"PrincipalName":"ADMINISTRATORS@CLEOPATRA.PVT","PrincipalType":"group","RightName":"WriteOwner","AceType":""},{"PrincipalName":"ADMINISTRATORS@CLEOPATRA.PVT","PrincipalType":"group","RightName":"WriteDacl","AceType":""}],"Members":[{"MemberName":"READ-ONLY DOMAIN CONTROLLERS@CLEOPATRA.PVT","MemberType":"group"},{"MemberName":"GROUP POLICY CREATOR OWNERS@CLEOPATRA.PVT","MemberType":"group"},{"MemberName":"DOMAIN ADMINS@CLEOPATRA.PVT","MemberType":"group"},{"MemberName":"CERT PUBLISHERS@CLEOPATRA.PVT","MemberType":"group"},{"MemberName":"ENTERPRISE ADMINS@CLEOPATRA.PVT","MemberType":"group"},{"MemberName":"SCHEMA ADMINS@CLEOPATRA.PVT","MemberType":"group"},{"MemberName":"DOMAIN CONTROLLERS@CLEOPATRA.PVT","MemberType":"group"},{"MemberName":"KRBTGT@CLEOPATRA.PVT","MemberType":"user"}]},{"Properties":{"highvalue":true,"domain":"CLEOPATRA.PVT","objectsid":"S-1-5-21-132247282-1934772012-3754461112-520","admincount":false,"description":"Members in this group can modify group policy for the domain"},"Name":"GROUP POLICY CREATOR OWNERS@CLEOPATRA.PVT","Aces":[{"PrincipalName":"DOMAIN ADMINS@CLEOPATRA.PVT","PrincipalType":"group","RightName":"Owner","AceType":""},{"PrincipalName":"DOMAIN ADMINS@CLEOPATRA.PVT","PrincipalType":"group","RightName":"GenericAll","AceType":""},{"PrincipalName":"ACCOUNT OPERATORS@CLEOPATRA.PVT","PrincipalType":"group","RightName":"GenericAll","AceType":""},{"PrincipalName":"ENTERPRISE ADMINS@CLEOPATRA.PVT","PrincipalType":"group","RightName":"GenericAll","AceType":""},{"PrincipalName":"ADMINISTRATORS@CLEOPATRA.PVT","PrincipalType":"group","RightName":"GenericWrite","AceType":""},{"PrincipalName":"ADMINISTRATORS@CLEOPATRA.PVT","PrincipalType":"group","RightName":"WriteOwner","AceType":""},{"PrincipalName":"ADMINISTRATORS@CLEOPATRA.PVT","PrincipalType":"group","RightName":"WriteDacl","AceType":""}],"Members":[{"MemberName":"ADMINISTRATOR@CLEOPATRA.PVT","MemberType":"user"}]},{"Properties":{"highvalue":false,"domain":"CLEOPATRA.PVT","objectsid":"S-1-5-21-132247282-1934772012-3754461112-513","admincount":false,"description":"All domain users"},"Name":"DOMAIN USERS@CLEOPATRA.PVT","Aces":[{"PrincipalName":"DOMAIN ADMINS@CLEOPATRA.PVT","PrincipalType":"group","RightName":"Owner","AceType":""},{"PrincipalName":"DOMAIN ADMINS@CLEOPATRA.PVT","PrincipalType":"group","RightName":"GenericAll","AceType":""},{"PrincipalName":"ACCOUNT OPERATORS@CLEOPATRA.PVT","PrincipalType":"group","RightName":"GenericAll","AceType":""},{"PrincipalName":"ENTERPRISE ADMINS@CLEOPATRA.PVT","PrincipalType":"group","RightName":"GenericAll","AceType":""},{"PrincipalName":"ADMINISTRATORS@CLEOPATRA.PVT","PrincipalType":"group","RightName":"GenericWrite","AceType":""},{"PrincipalName":"ADMINISTRATORS@CLEOPATRA.PVT","PrincipalType":"group","RightName":"WriteOwner","AceType":""},{"PrincipalName":"ADMINISTRATORS@CLEOPATRA.PVT","PrincipalType":"group","RightName":"WriteDacl","AceType":""}],"Members":[]},{"Properties":{"highvalue":false,"domain":"CLEOPATRA.PVT","objectsid":"S-1-5-21-132247282-1934772012-3754461112-521","admincount":true,"description":"Members of this group are Read-Only Domain Controllers in the domain"},"Name":"READ-ONLY DOMAIN CONTROLLERS@CLEOPATRA.PVT","Aces":[{"PrincipalName":"DOMAIN ADMINS@CLEOPATRA.PVT","PrincipalType":"group","RightName":"Owner","AceType":""},{"PrincipalName":"DOMAIN ADMINS@CLEOPATRA.PVT","PrincipalType":"group","RightName":"GenericWrite","AceType":""},{"PrincipalName":"DOMAIN ADMINS@CLEOPATRA.PVT","PrincipalType":"group","RightName":"WriteOwner","AceType":""},{"PrincipalName":"DOMAIN ADMINS@CLEOPATRA.PVT","PrincipalType":"group","RightName":"WriteDacl","AceType":""},{"PrincipalName":"ENTERPRISE ADMINS@CLEOPATRA.PVT","PrincipalType":"group","RightName":"GenericWrite","AceType":""},{"PrincipalName":"ENTERPRISE ADMINS@CLEOPATRA.PVT","PrincipalType":"group","RightName":"WriteOwner","AceType":""},{"PrincipalName":"ENTERPRISE ADMINS@CLEOPATRA.PVT","PrincipalType":"group","RightName":"WriteDacl","AceType":""},{"PrincipalName":"ADMINISTRATORS@CLEOPATRA.PVT","PrincipalType":"group","RightName":"GenericWrite","AceType":""},{"PrincipalName":"ADMINISTRATORS@CLEOPATRA.PVT","PrincipalType":"group","RightName":"WriteOwner","AceType":""},{"PrincipalName":"ADMINISTRATORS@CLEOPATRA.PVT","PrincipalType":"group","RightName":"WriteDacl","AceType":""}],"Members":[]},{"Properties":{"highvalue":false,"domain":"CLEOPATRA.PVT","objectsid":"S-1-5-21-132247282-1934772012-3754461112-522","admincount":false,"description":"Members of this group that are domain controllers may be cloned."},"Name":"CLONEABLE DOMAIN CONTROLLERS@CLEOPATRA.PVT","Aces":[{"PrincipalName":"DOMAIN ADMINS@CLEOPATRA.PVT","PrincipalType":"group","RightName":"Owner","AceType":""},{"PrincipalName":"DOMAIN ADMINS@CLEOPATRA.PVT","PrincipalType":"group","RightName":"GenericAll","AceType":""},{"PrincipalName":"ACCOUNT OPERATORS@CLEOPATRA.PVT","PrincipalType":"group","RightName":"GenericAll","AceType":""},{"PrincipalName":"ENTERPRISE ADMINS@CLEOPATRA.PVT","PrincipalType":"group","RightName":"GenericAll","AceType":""},{"PrincipalName":"ADMINISTRATORS@CLEOPATRA.PVT","PrincipalType":"group","RightName":"GenericWrite","AceType":""},{"PrincipalName":"ADMINISTRATORS@CLEOPATRA.PVT","PrincipalType":"group","RightName":"WriteOwner","AceType":""},{"PrincipalName":"ADMINISTRATORS@CLEOPATRA.PVT","PrincipalType":"group","RightName":"WriteDacl","AceType":""}],"Members":[]},{"Properties":{"highvalue":false,"domain":"CLEOPATRA.PVT","objectsid":"S-1-5-21-132247282-1934772012-3754461112-525","admincount":false,"description":"Members of this group are afforded additional protections against authentication security threats. See http://go.microsoft.com/fwlink/?LinkId=298939 for more information."},"Name":"PROTECTED USERS@CLEOPATRA.PVT","Aces":[{"PrincipalName":"DOMAIN ADMINS@CLEOPATRA.PVT","PrincipalType":"group","RightName":"Owner","AceType":""},{"PrincipalName":"DOMAIN ADMINS@CLEOPATRA.PVT","PrincipalType":"group","RightName":"GenericAll","AceType":""},{"PrincipalName":"ACCOUNT OPERATORS@CLEOPATRA.PVT","PrincipalType":"group","RightName":"GenericAll","AceType":""},{"PrincipalName":"ENTERPRISE ADMINS@CLEOPATRA.PVT","PrincipalType":"group","RightName":"GenericAll","AceType":""},{"PrincipalName":"ADMINISTRATORS@CLEOPATRA.PVT","PrincipalType":"group","RightName":"GenericWrite","AceType":""},{"PrincipalName":"ADMINISTRATORS@CLEOPATRA.PVT","PrincipalType":"group","RightName":"WriteOwner","AceType":""},{"PrincipalName":"ADMINISTRATORS@CLEOPATRA.PVT","PrincipalType":"group","RightName":"WriteDacl","AceType":""}],"Members":[]},{"Properties":{"highvalue":false,"domain":"CLEOPATRA.PVT","objectsid":"S-1-5-21-132247282-1934772012-3754461112-1103","admincount":false,"description":"DNS clients who are permitted to perform dynamic updates on behalf of some other clients (such as DHCP servers)."},"Name":"DNSUPDATEPROXY@CLEOPATRA.PVT","Aces":[{"PrincipalName":"DOMAIN ADMINS@CLEOPATRA.PVT","PrincipalType":"group","RightName":"GenericAll","AceType":""},{"PrincipalName":"ACCOUNT OPERATORS@CLEOPATRA.PVT","PrincipalType":"group","RightName":"GenericAll","AceType":""},{"PrincipalName":"ENTERPRISE ADMINS@CLEOPATRA.PVT","PrincipalType":"group","RightName":"GenericAll","AceType":""},{"PrincipalName":"ADMINISTRATORS@CLEOPATRA.PVT","PrincipalType":"group","RightName":"GenericWrite","AceType":""},{"PrincipalName":"ADMINISTRATORS@CLEOPATRA.PVT","PrincipalType":"group","RightName":"WriteOwner","AceType":""},{"PrincipalName":"ADMINISTRATORS@CLEOPATRA.PVT","PrincipalType":"group","RightName":"WriteDacl","AceType":""}],"Members":[]},{"Properties":{"highvalue":true,"domain":"CLEOPATRA.PVT","objectsid":"S-1-5-21-132247282-1934772012-3754461112-512","admincount":true,"description":"Designated administrators of the domain"},"Name":"DOMAIN ADMINS@CLEOPATRA.PVT","Aces":[{"PrincipalName":"DOMAIN ADMINS@CLEOPATRA.PVT","PrincipalType":"group","RightName":"Owner","AceType":""},{"PrincipalName":"DOMAIN ADMINS@CLEOPATRA.PVT","PrincipalType":"group","RightName":"GenericWrite","AceType":""},{"PrincipalName":"DOMAIN ADMINS@CLEOPATRA.PVT","PrincipalType":"group","RightName":"WriteOwner","AceType":""},{"PrincipalName":"DOMAIN ADMINS@CLEOPATRA.PVT","PrincipalType":"group","RightName":"WriteDacl","AceType":""},{"PrincipalName":"ENTERPRISE ADMINS@CLEOPATRA.PVT","PrincipalType":"group","RightName":"GenericWrite","AceType":""},{"PrincipalName":"ENTERPRISE ADMINS@CLEOPATRA.PVT","PrincipalType":"group","RightName":"WriteOwner","AceType":""},{"PrincipalName":"ENTERPRISE ADMINS@CLEOPATRA.PVT","PrincipalType":"group","RightName":"WriteDacl","AceType":""},{"PrincipalName":"ADMINISTRATORS@CLEOPATRA.PVT","PrincipalType":"group","RightName":"GenericWrite","AceType":""},{"PrincipalName":"ADMINISTRATORS@CLEOPATRA.PVT","PrincipalType":"group","RightName":"WriteOwner","AceType":""},{"PrincipalName":"ADMINISTRATORS@CLEOPATRA.PVT","PrincipalType":"group","RightName":"WriteDacl","AceType":""}],"Members":[{"MemberName":"NESSUS@CLEOPATRA.PVT","MemberType":"user"},{"MemberName":"CLEOPATRA@CLEOPATRA.PVT","MemberType":"user"},{"MemberName":"ADMINISTRATOR@CLEOPATRA.PVT","MemberType":"user"}]},{"Properties":{"highvalue":false,"domain":"CLEOPATRA.PVT","objectsid":"S-1-5-21-132247282-1934772012-3754461112-515","admincount":false,"description":"All workstations and servers joined to the domain"},"Name":"DOMAIN COMPUTERS@CLEOPATRA.PVT","Aces":[{"PrincipalName":"DOMAIN ADMINS@CLEOPATRA.PVT","PrincipalType":"group","RightName":"Owner","AceType":""},{"PrincipalName":"DOMAIN ADMINS@CLEOPATRA.PVT","PrincipalType":"group","RightName":"GenericAll","AceType":""},{"PrincipalName":"ACCOUNT OPERATORS@CLEOPATRA.PVT","PrincipalType":"group","RightName":"GenericAll","AceType":""},{"PrincipalName":"ENTERPRISE ADMINS@CLEOPATRA.PVT","PrincipalType":"group","RightName":"GenericAll","AceType":""},{"PrincipalName":"ADMINISTRATORS@CLEOPATRA.PVT","PrincipalType":"group","RightName":"GenericWrite","AceType":""},{"PrincipalName":"ADMINISTRATORS@CLEOPATRA.PVT","PrincipalType":"group","RightName":"WriteOwner","AceType":""},{"PrincipalName":"ADMINISTRATORS@CLEOPATRA.PVT","PrincipalType":"group","RightName":"WriteDacl","AceType":""}],"Members":[]},{"Properties":{"highvalue":false,"domain":"CLEOPATRA.PVT","objectsid":"S-1-5-21-132247282-1934772012-3754461112-498","admincount":false,"description":"Members of this group are Read-Only Domain Controllers in the enterprise"},"Name":"ENTERPRISE READ-ONLY DOMAIN CONTROLLERS@CLEOPATRA.PVT","Aces":[{"PrincipalName":"DOMAIN ADMINS@CLEOPATRA.PVT","PrincipalType":"group","RightName":"Owner","AceType":""},{"PrincipalName":"DOMAIN ADMINS@CLEOPATRA.PVT","PrincipalType":"group","RightName":"GenericAll","AceType":""},{"PrincipalName":"ACCOUNT OPERATORS@CLEOPATRA.PVT","PrincipalType":"group","RightName":"GenericAll","AceType":""},{"PrincipalName":"ENTERPRISE ADMINS@CLEOPATRA.PVT","PrincipalType":"group","RightName":"GenericAll","AceType":""},{"PrincipalName":"ADMINISTRATORS@CLEOPATRA.PVT","PrincipalType":"group","RightName":"GenericWrite","AceType":""},{"PrincipalName":"ADMINISTRATORS@CLEOPATRA.PVT","PrincipalType":"group","RightName":"WriteOwner","AceType":""},{"PrincipalName":"ADMINISTRATORS@CLEOPATRA.PVT","PrincipalType":"group","RightName":"WriteDacl","AceType":""}],"Members":[]},{"Properties":{"highvalue":false,"domain":"CLEOPATRA.PVT","objectsid":"S-1-5-21-132247282-1934772012-3754461112-514","admincount":false,"description":"All domain guests"},"Name":"DOMAIN GUESTS@CLEOPATRA.PVT","Aces":[{"PrincipalName":"DOMAIN ADMINS@CLEOPATRA.PVT","PrincipalType":"group","RightName":"Owner","AceType":""},{"PrincipalName":"DOMAIN ADMINS@CLEOPATRA.PVT","PrincipalType":"group","RightName":"GenericAll","AceType":""},{"PrincipalName":"ACCOUNT OPERATORS@CLEOPATRA.PVT","PrincipalType":"group","RightName":"GenericAll","AceType":""},{"PrincipalName":"ENTERPRISE ADMINS@CLEOPATRA.PVT","PrincipalType":"group","RightName":"GenericAll","AceType":""},{"PrincipalName":"ADMINISTRATORS@CLEOPATRA.PVT","PrincipalType":"group","RightName":"GenericWrite","AceType":""},{"PrincipalName":"ADMINISTRATORS@CLEOPATRA.PVT","PrincipalType":"group","RightName":"WriteOwner","AceType":""},{"PrincipalName":"ADMINISTRATORS@CLEOPATRA.PVT","PrincipalType":"group","RightName":"WriteDacl","AceType":""}],"Members":[]}],"meta":{"count":46,"type":"groups"}}