﻿{"gpos":[{"Properties":{"highvalue":false,"description":null,"gpcpath":"\\\\cleopatra.pvt\\sysvol\\cleopatra.pvt\\Policies\\{31B2F340-016D-11D2-945F-00C04FB984F9}"},"Name":"DEFAULT DOMAIN POLICY@CLEOPATRA.PVT","Guid":"31B2F340-016D-11D2-945F-00C04FB984F9","Aces":[{"PrincipalName":"DOMAIN ADMINS@CLEOPATRA.PVT","PrincipalType":"group","RightName":"Owner","AceType":""},{"PrincipalName":"DOMAIN ADMINS@CLEOPATRA.PVT","PrincipalType":"group","RightName":"WriteOwner","AceType":""},{"PrincipalName":"DOMAIN ADMINS@CLEOPATRA.PVT","PrincipalType":"group","RightName":"WriteDacl","AceType":""},{"PrincipalName":"ENTERPRISE ADMINS@CLEOPATRA.PVT","PrincipalType":"group","RightName":"WriteOwner","AceType":""},{"PrincipalName":"ENTERPRISE ADMINS@CLEOPATRA.PVT","PrincipalType":"group","RightName":"WriteDacl","AceType":""}]},{"Properties":{"highvalue":false,"description":null,"gpcpath":"\\\\cleopatra.pvt\\sysvol\\cleopatra.pvt\\Policies\\{6AC1786C-016F-11D2-945F-00C04fB984F9}"},"Name":"DEFAULT DOMAIN CONTROLLERS POLICY@CLEOPATRA.PVT","Guid":"6AC1786C-016F-11D2-945F-00C04fB984F9","Aces":[{"PrincipalName":"DOMAIN ADMINS@CLEOPATRA.PVT","PrincipalType":"group","RightName":"Owner","AceType":""},{"PrincipalName":"DOMAIN ADMINS@CLEOPATRA.PVT","PrincipalType":"group","RightName":"WriteOwner","AceType":""},{"PrincipalName":"DOMAIN ADMINS@CLEOPATRA.PVT","PrincipalType":"group","RightName":"WriteDacl","AceType":""},{"PrincipalName":"ENTERPRISE ADMINS@CLEOPATRA.PVT","PrincipalType":"group","RightName":"WriteOwner","AceType":""},{"PrincipalName":"ENTERPRISE ADMINS@CLEOPATRA.PVT","PrincipalType":"group","RightName":"WriteDacl","AceType":""}]},{"Properties":{"highvalue":false,"description":null,"gpcpath":"\\\\cleopatra.pvt\\SysVol\\cleopatra.pvt\\Policies\\{8A081DB2-3825-4924-96CB-DE83067302EC}"},"Name":"SERVER GPP@CLEOPATRA.PVT","Guid":"8A081DB2-3825-4924-96CB-DE83067302EC","Aces":[{"PrincipalName":"DOMAIN ADMINS@CLEOPATRA.PVT","PrincipalType":"group","RightName":"Owner","AceType":""},{"PrincipalName":"DOMAIN ADMINS@CLEOPATRA.PVT","PrincipalType":"group","RightName":"WriteOwner","AceType":""},{"PrincipalName":"DOMAIN ADMINS@CLEOPATRA.PVT","PrincipalType":"group","RightName":"WriteDacl","AceType":""},{"PrincipalName":"ENTERPRISE ADMINS@CLEOPATRA.PVT","PrincipalType":"group","RightName":"WriteOwner","AceType":""},{"PrincipalName":"ENTERPRISE ADMINS@CLEOPATRA.PVT","PrincipalType":"group","RightName":"WriteDacl","AceType":""}]}],"meta":{"count":3,"type":"gpos"}}