﻿{"domains":[{"Properties":{"objectsid":"S-1-5-21-66658201-2213596749-1199288720","highvalue":true,"description":null,"functionallevel":"2012 R2"},"Name":"CAESAR.PVT","Links":[{"IsEnforced":false,"Name":"CA INFO@CAESAR.PVT"},{"IsEnforced":false,"Name":"DEFAULT DOMAIN POLICY@CAESAR.PVT"}],"Trusts":[{"TargetName":"CLEOPATRA.PVT","IsTransitive":true,"TrustDirection":2,"TrustType":"External"},{"TargetName":"JULIA.CAESAR.PVT","IsTransitive":true,"TrustDirection":2,"TrustType":"ParentChild"},{"TargetName":"CASCA.PVT","IsTransitive":true,"TrustDirection":2,"TrustType":"External"}],"Aces":[{"PrincipalName":"ADMINISTRATORS@CAESAR.PVT","PrincipalType":"group","RightName":"Owner","AceType":""},{"PrincipalName":"ENTERPRISE READ-ONLY DOMAIN CONTROLLERS@CAESAR.PVT","PrincipalType":"group","RightName":"ExtendedRight","AceType":"GetChanges"},{"PrincipalName":"DOMAIN CONTROLLERS@CAESAR.PVT","PrincipalType":"group","RightName":"ExtendedRight","AceType":"GetChangesAll"},{"PrincipalName":"DIRSYNC@CAESAR.PVT","PrincipalType":"user","RightName":"ExtendedRight","AceType":"GetChanges"},{"PrincipalName":"DIRSYNC@CAESAR.PVT","PrincipalType":"user","RightName":"ExtendedRight","AceType":"GetChangesAll"},{"PrincipalName":"ADMINISTRATORS@CAESAR.PVT","PrincipalType":"group","RightName":"ExtendedRight","AceType":"GetChanges"},{"PrincipalName":"ADMINISTRATORS@CAESAR.PVT","PrincipalType":"group","RightName":"ExtendedRight","AceType":"GetChangesAll"},{"PrincipalName":"ENTERPRISE DOMAIN CONTROLLERS@CAESAR.PVT","PrincipalType":"group","RightName":"ExtendedRight","AceType":"GetChanges"},{"PrincipalName":"DOMAIN ADMINS@CAESAR.PVT","PrincipalType":"group","RightName":"WriteOwner","AceType":""},{"PrincipalName":"DOMAIN ADMINS@CAESAR.PVT","PrincipalType":"group","RightName":"WriteDacl","AceType":""},{"PrincipalName":"DOMAIN ADMINS@CAESAR.PVT","PrincipalType":"group","RightName":"ExtendedRight","AceType":"All"},{"PrincipalName":"ENTERPRISE ADMINS@CAESAR.PVT","PrincipalType":"group","RightName":"GenericAll","AceType":""},{"PrincipalName":"ADMINISTRATORS@CAESAR.PVT","PrincipalType":"group","RightName":"WriteOwner","AceType":""},{"PrincipalName":"ADMINISTRATORS@CAESAR.PVT","PrincipalType":"group","RightName":"WriteDacl","AceType":""},{"PrincipalName":"ADMINISTRATORS@CAESAR.PVT","PrincipalType":"group","RightName":"ExtendedRight","AceType":"All"}],"ChildOus":["E90B3C80-B5A4-43D1-8CD0-074ED39347BD","E4E5E935-86A3-4897-A545-F423A10DB96D","82E96329-5974-4A2E-BED9-490E48B8FEB8"],"Computers":[],"Users":["ADMINISTRATOR@CAESAR.PVT","GUEST@CAESAR.PVT","KRBTGT@CAESAR.PVT"]}],"meta":{"count":1,"type":"domains"}}