﻿{"domains":[{"Properties":{"objectsid":"S-1-5-21-132247282-1934772012-3754461112","highvalue":true,"description":null,"functionallevel":"2012 R2"},"Name":"CLEOPATRA.PVT","Links":[{"IsEnforced":false,"Name":"DEFAULT DOMAIN POLICY@CLEOPATRA.PVT"}],"Trusts":[{"TargetName":"CAESAR.PVT","IsTransitive":true,"TrustDirection":2,"TrustType":"External"}],"Aces":[{"PrincipalName":"ADMINISTRATORS@CLEOPATRA.PVT","PrincipalType":"group","RightName":"Owner","AceType":""},{"PrincipalName":"DIRSYNC@CLEOPATRA.PVT","PrincipalType":"user","RightName":"ExtendedRight","AceType":"GetChanges"},{"PrincipalName":"ENTERPRISE READ-ONLY DOMAIN CONTROLLERS@CLEOPATRA.PVT","PrincipalType":"group","RightName":"ExtendedRight","AceType":"GetChanges"},{"PrincipalName":"DOMAIN CONTROLLERS@CLEOPATRA.PVT","PrincipalType":"group","RightName":"ExtendedRight","AceType":"GetChangesAll"},{"PrincipalName":"DIRSYNC@CLEOPATRA.PVT","PrincipalType":"user","RightName":"ExtendedRight","AceType":"GetChangesAll"},{"PrincipalName":"ADMINISTRATORS@CLEOPATRA.PVT","PrincipalType":"group","RightName":"ExtendedRight","AceType":"GetChanges"},{"PrincipalName":"ADMINISTRATORS@CLEOPATRA.PVT","PrincipalType":"group","RightName":"ExtendedRight","AceType":"GetChangesAll"},{"PrincipalName":"ENTERPRISE DOMAIN CONTROLLERS@CLEOPATRA.PVT","PrincipalType":"group","RightName":"ExtendedRight","AceType":"GetChanges"},{"PrincipalName":"DOMAIN ADMINS@CLEOPATRA.PVT","PrincipalType":"group","RightName":"WriteOwner","AceType":""},{"PrincipalName":"DOMAIN ADMINS@CLEOPATRA.PVT","PrincipalType":"group","RightName":"WriteDacl","AceType":""},{"PrincipalName":"DOMAIN ADMINS@CLEOPATRA.PVT","PrincipalType":"group","RightName":"ExtendedRight","AceType":"All"},{"PrincipalName":"ENTERPRISE ADMINS@CLEOPATRA.PVT","PrincipalType":"group","RightName":"GenericAll","AceType":""},{"PrincipalName":"ADMINISTRATORS@CLEOPATRA.PVT","PrincipalType":"group","RightName":"WriteOwner","AceType":""},{"PrincipalName":"ADMINISTRATORS@CLEOPATRA.PVT","PrincipalType":"group","RightName":"WriteDacl","AceType":""},{"PrincipalName":"ADMINISTRATORS@CLEOPATRA.PVT","PrincipalType":"group","RightName":"ExtendedRight","AceType":"All"}],"ChildOus":["E6367F25-A590-4F62-97EA-255933EB26AF","3F4653C5-5A57-4568-A525-65F8AAF66C27"],"Computers":["CLEO-ATTACK.CLEOPATRA.PVT"],"Users":["ADMINISTRATOR@CLEOPATRA.PVT","GUEST@CLEOPATRA.PVT","KRBTGT@CLEOPATRA.PVT"]}],"meta":{"count":1,"type":"domains"}}