﻿{"gpos":[{"Properties":{"highvalue":false,"description":null,"gpcpath":"\\\\caesar.pvt\\sysvol\\caesar.pvt\\Policies\\{31B2F340-016D-11D2-945F-00C04FB984F9}"},"Name":"DEFAULT DOMAIN POLICY@CAESAR.PVT","Guid":"31B2F340-016D-11D2-945F-00C04FB984F9","Aces":[{"PrincipalName":"DOMAIN ADMINS@CAESAR.PVT","PrincipalType":"group","RightName":"Owner","AceType":""},{"PrincipalName":"DOMAIN ADMINS@CAESAR.PVT","PrincipalType":"group","RightName":"WriteOwner","AceType":""},{"PrincipalName":"DOMAIN ADMINS@CAESAR.PVT","PrincipalType":"group","RightName":"WriteDacl","AceType":""},{"PrincipalName":"ENTERPRISE ADMINS@CAESAR.PVT","PrincipalType":"group","RightName":"WriteOwner","AceType":""},{"PrincipalName":"ENTERPRISE ADMINS@CAESAR.PVT","PrincipalType":"group","RightName":"WriteDacl","AceType":""}]},{"Properties":{"highvalue":false,"description":null,"gpcpath":"\\\\caesar.pvt\\SysVol\\caesar.pvt\\Policies\\{C7AEF407-F07F-40A0-B120-87469946343D}"},"Name":"CA INFO@CAESAR.PVT","Guid":"C7AEF407-F07F-40A0-B120-87469946343D","Aces":[{"PrincipalName":"DOMAIN ADMINS@CAESAR.PVT","PrincipalType":"group","RightName":"Owner","AceType":""},{"PrincipalName":"DOMAIN ADMINS@CAESAR.PVT","PrincipalType":"group","RightName":"WriteOwner","AceType":""},{"PrincipalName":"DOMAIN ADMINS@CAESAR.PVT","PrincipalType":"group","RightName":"WriteDacl","AceType":""},{"PrincipalName":"ENTERPRISE ADMINS@CAESAR.PVT","PrincipalType":"group","RightName":"WriteOwner","AceType":""},{"PrincipalName":"ENTERPRISE ADMINS@CAESAR.PVT","PrincipalType":"group","RightName":"WriteDacl","AceType":""}]},{"Properties":{"highvalue":false,"description":null,"gpcpath":"\\\\caesar.pvt\\sysvol\\caesar.pvt\\Policies\\{6AC1786C-016F-11D2-945F-00C04fB984F9}"},"Name":"DEFAULT DOMAIN CONTROLLERS POLICY@CAESAR.PVT","Guid":"6AC1786C-016F-11D2-945F-00C04fB984F9","Aces":[{"PrincipalName":"DOMAIN ADMINS@CAESAR.PVT","PrincipalType":"group","RightName":"Owner","AceType":""},{"PrincipalName":"DOMAIN ADMINS@CAESAR.PVT","PrincipalType":"group","RightName":"WriteOwner","AceType":""},{"PrincipalName":"DOMAIN ADMINS@CAESAR.PVT","PrincipalType":"group","RightName":"WriteDacl","AceType":""},{"PrincipalName":"ENTERPRISE ADMINS@CAESAR.PVT","PrincipalType":"group","RightName":"WriteOwner","AceType":""},{"PrincipalName":"ENTERPRISE ADMINS@CAESAR.PVT","PrincipalType":"group","RightName":"WriteDacl","AceType":""}]},{"Properties":{"highvalue":false,"description":null,"gpcpath":"\\\\caesar.pvt\\SysVol\\caesar.pvt\\Policies\\{44F9BBFB-A6DD-4349-9804-69C943624871}"},"Name":"DC AUDITING@CAESAR.PVT","Guid":"44F9BBFB-A6DD-4349-9804-69C943624871","Aces":[{"PrincipalName":"DOMAIN ADMINS@CAESAR.PVT","PrincipalType":"group","RightName":"Owner","AceType":""},{"PrincipalName":"DOMAIN ADMINS@CAESAR.PVT","PrincipalType":"group","RightName":"WriteOwner","AceType":""},{"PrincipalName":"DOMAIN ADMINS@CAESAR.PVT","PrincipalType":"group","RightName":"WriteDacl","AceType":""},{"PrincipalName":"ENTERPRISE ADMINS@CAESAR.PVT","PrincipalType":"group","RightName":"WriteOwner","AceType":""},{"PrincipalName":"ENTERPRISE ADMINS@CAESAR.PVT","PrincipalType":"group","RightName":"WriteDacl","AceType":""}]},{"Properties":{"highvalue":false,"description":null,"gpcpath":"\\\\caesar.pvt\\SysVol\\caesar.pvt\\Policies\\{21A92308-B8A7-47FD-BC78-899631BC4B51}"},"Name":"SERVER AUDITING@CAESAR.PVT","Guid":"21A92308-B8A7-47FD-BC78-899631BC4B51","Aces":[{"PrincipalName":"DOMAIN ADMINS@CAESAR.PVT","PrincipalType":"group","RightName":"Owner","AceType":""},{"PrincipalName":"DOMAIN ADMINS@CAESAR.PVT","PrincipalType":"group","RightName":"WriteOwner","AceType":""},{"PrincipalName":"DOMAIN ADMINS@CAESAR.PVT","PrincipalType":"group","RightName":"WriteDacl","AceType":""},{"PrincipalName":"ENTERPRISE ADMINS@CAESAR.PVT","PrincipalType":"group","RightName":"WriteOwner","AceType":""},{"PrincipalName":"ENTERPRISE ADMINS@CAESAR.PVT","PrincipalType":"group","RightName":"WriteDacl","AceType":""}]}],"meta":{"count":5,"type":"gpos"}}