﻿{"computers":[{"Properties":{"objectsid":"S-1-5-21-132247282-1934772012-3754461112-1111","highvalue":false,"domain":"CLEOPATRA.PVT","enabled":false,"unconstraineddelegation":false,"lastlogon":1549996144,"pwdlastset":1549996043,"serviceprincipalnames":["TERMSRV/CLEO-ATTACK","TERMSRV/cleo-attack.cleopatra.pvt","WSMAN/cleo-attack","WSMAN/cleo-attack.cleopatra.pvt","RestrictedKrbHost/CLEO-ATTACK","HOST/CLEO-ATTACK","RestrictedKrbHost/cleo-attack.cleopatra.pvt","HOST/cleo-attack.cleopatra.pvt"],"operatingsystem":"Windows Server 2012 R2 Standard Evaluation","description":null},"Name":"CLEO-ATTACK.CLEOPATRA.PVT","PrimaryGroup":"DOMAIN COMPUTERS@CLEOPATRA.PVT","LocalAdmins":[],"RemoteDesktopUsers":[],"DcomUsers":null,"AllowedToDelegate":[],"Aces":null},{"Properties":{"objectsid":"S-1-5-21-132247282-1934772012-3754461112-1107","highvalue":false,"domain":"CLEOPATRA.PVT","enabled":true,"unconstraineddelegation":false,"lastlogon":1550000580,"pwdlastset":1548459696,"serviceprincipalnames":["TERMSRV/CLEO-SERVER","TERMSRV/cleo-server.cleopatra.pvt","WSMAN/cleo-server","WSMAN/cleo-server.cleopatra.pvt","RestrictedKrbHost/CLEO-SERVER","HOST/CLEO-SERVER","RestrictedKrbHost/cleo-server.cleopatra.pvt","HOST/cleo-server.cleopatra.pvt"],"operatingsystem":"Windows Server 2012 R2 Standard Evaluation","description":null},"Name":"CLEO-SERVER.CLEOPATRA.PVT","PrimaryGroup":"DOMAIN COMPUTERS@CLEOPATRA.PVT","LocalAdmins":[{"Name":"DOMAIN ADMINS@CLEOPATRA.PVT","Type":"Group"},{"Name":"DNSADMINS@CLEOPATRA.PVT","Type":"Group"},{"Name":"SRV_BACKUP@CLEOPATRA.PVT","Type":"User"}],"RemoteDesktopUsers":[{"Name":"DOMAIN USERS@CLEOPATRA.PVT","Type":"Group"}],"DcomUsers":[],"AllowedToDelegate":[],"Aces":null}],"meta":{"count":2,"type":"computers"}}