﻿{"ous":[{"Properties":{"name":"DOMAIN CONTROLLERS@CLEOPATRA.PVT","highvalue":false,"blocksinheritance":false,"description":"Default container for domain controllers"},"Guid":"E6367F25-A590-4F62-97EA-255933EB26AF","ChildOus":[],"Computers":["CLEO-DC.CLEOPATRA.PVT"],"Users":[],"Links":[{"IsEnforced":false,"Name":"DEFAULT DOMAIN CONTROLLERS POLICY@CLEOPATRA.PVT"}]},{"Properties":{"name":"NY@CLEOPATRA.PVT","highvalue":false,"blocksinheritance":false,"description":null},"Guid":"3F4653C5-5A57-4568-A525-65F8AAF66C27","ChildOus":["9D745482-0EA4-48F4-9F72-255DCD0E145F","39BAE4D8-DEC8-4B66-BBE2-6196C4A31F36"],"Computers":[],"Users":[],"Links":null},{"Properties":{"name":"SERVERS@CLEOPATRA.PVT","highvalue":false,"blocksinheritance":false,"description":null},"Guid":"9D745482-0EA4-48F4-9F72-255DCD0E145F","ChildOus":[],"Computers":["CLEO-SERVER.CLEOPATRA.PVT"],"Users":[],"Links":[{"IsEnforced":false,"Name":"SERVER GPP@CLEOPATRA.PVT"}]},{"Properties":{"name":"USERS@CLEOPATRA.PVT","highvalue":false,"blocksinheritance":false,"description":null},"Guid":"39BAE4D8-DEC8-4B66-BBE2-6196C4A31F36","ChildOus":[],"Computers":[],"Users":["CLEOPATRA@CLEOPATRA.PVT","DIRSYNC@CLEOPATRA.PVT","DNSADMIN@CLEOPATRA.PVT","USER1@CLEOPATRA.PVT","NESSUS@CLEOPATRA.PVT","SRV_BACKUP@CLEOPATRA.PVT","SQLSERVER@CLEOPATRA.PVT"],"Links":null}],"meta":{"count":4,"type":"ous"}}