﻿{"users":[{"Properties":{"domain":"CLEOPATRA.PVT","objectsid":"S-1-5-21-132247282-1934772012-3754461112-500","highvalue":false,"enabled":true,"lastlogon":1549929700,"pwdlastset":1548457836,"serviceprincipalnames":[],"hasspn":false,"displayname":null,"email":null,"title":null,"homedirectory":null,"description":"Built-in account for administering the computer/domain","userpassword":null,"sensitive":false,"dontreqpreauth":false,"admincount":true},"Name":"ADMINISTRATOR@CLEOPATRA.PVT","PrimaryGroup":"DOMAIN USERS@CLEOPATRA.PVT","Aces":[{"PrincipalName":"DOMAIN ADMINS@CLEOPATRA.PVT","PrincipalType":"group","RightName":"Owner","AceType":""},{"PrincipalName":"DOMAIN ADMINS@CLEOPATRA.PVT","PrincipalType":"group","RightName":"GenericWrite","AceType":""},{"PrincipalName":"DOMAIN ADMINS@CLEOPATRA.PVT","PrincipalType":"group","RightName":"WriteOwner","AceType":""},{"PrincipalName":"DOMAIN ADMINS@CLEOPATRA.PVT","PrincipalType":"group","RightName":"WriteDacl","AceType":""},{"PrincipalName":"ENTERPRISE ADMINS@CLEOPATRA.PVT","PrincipalType":"group","RightName":"GenericWrite","AceType":""},{"PrincipalName":"ENTERPRISE ADMINS@CLEOPATRA.PVT","PrincipalType":"group","RightName":"WriteOwner","AceType":""},{"PrincipalName":"ENTERPRISE ADMINS@CLEOPATRA.PVT","PrincipalType":"group","RightName":"WriteDacl","AceType":""},{"PrincipalName":"ADMINISTRATORS@CLEOPATRA.PVT","PrincipalType":"group","RightName":"GenericWrite","AceType":""},{"PrincipalName":"ADMINISTRATORS@CLEOPATRA.PVT","PrincipalType":"group","RightName":"WriteOwner","AceType":""},{"PrincipalName":"ADMINISTRATORS@CLEOPATRA.PVT","PrincipalType":"group","RightName":"WriteDacl","AceType":""}],"AllowedToDelegate":[]},{"Properties":{"domain":"CLEOPATRA.PVT","objectsid":"S-1-5-21-132247282-1934772012-3754461112-1113","highvalue":false,"enabled":true,"lastlogon":1550000367,"pwdlastset":1550000310,"serviceprincipalnames":[],"hasspn":false,"displayname":"Nessus Scanner","email":null,"title":null,"homedirectory":null,"description":null,"userpassword":null,"sensitive":false,"dontreqpreauth":false,"admincount":true},"Name":"NESSUS@CLEOPATRA.PVT","PrimaryGroup":"DOMAIN USERS@CLEOPATRA.PVT","Aces":[{"PrincipalName":"DOMAIN ADMINS@CLEOPATRA.PVT","PrincipalType":"group","RightName":"Owner","AceType":""},{"PrincipalName":"DOMAIN ADMINS@CLEOPATRA.PVT","PrincipalType":"group","RightName":"GenericWrite","AceType":""},{"PrincipalName":"DOMAIN ADMINS@CLEOPATRA.PVT","PrincipalType":"group","RightName":"WriteOwner","AceType":""},{"PrincipalName":"DOMAIN ADMINS@CLEOPATRA.PVT","PrincipalType":"group","RightName":"WriteDacl","AceType":""},{"PrincipalName":"ENTERPRISE ADMINS@CLEOPATRA.PVT","PrincipalType":"group","RightName":"GenericWrite","AceType":""},{"PrincipalName":"ENTERPRISE ADMINS@CLEOPATRA.PVT","PrincipalType":"group","RightName":"WriteOwner","AceType":""},{"PrincipalName":"ENTERPRISE ADMINS@CLEOPATRA.PVT","PrincipalType":"group","RightName":"WriteDacl","AceType":""},{"PrincipalName":"ADMINISTRATORS@CLEOPATRA.PVT","PrincipalType":"group","RightName":"GenericWrite","AceType":""},{"PrincipalName":"ADMINISTRATORS@CLEOPATRA.PVT","PrincipalType":"group","RightName":"WriteOwner","AceType":""},{"PrincipalName":"ADMINISTRATORS@CLEOPATRA.PVT","PrincipalType":"group","RightName":"WriteDacl","AceType":""}],"AllowedToDelegate":[]},{"Properties":{"domain":"CLEOPATRA.PVT","objectsid":"S-1-5-21-132247282-1934772012-3754461112-1104","highvalue":false,"enabled":true,"lastlogon":1550000566,"pwdlastset":1548459217,"serviceprincipalnames":[],"hasspn":false,"displayname":"cleopatra","email":null,"title":null,"homedirectory":null,"description":null,"userpassword":null,"sensitive":false,"dontreqpreauth":false,"admincount":true},"Name":"CLEOPATRA@CLEOPATRA.PVT","PrimaryGroup":"DOMAIN USERS@CLEOPATRA.PVT","Aces":[{"PrincipalName":"DOMAIN ADMINS@CLEOPATRA.PVT","PrincipalType":"group","RightName":"Owner","AceType":""},{"PrincipalName":"DOMAIN ADMINS@CLEOPATRA.PVT","PrincipalType":"group","RightName":"GenericWrite","AceType":""},{"PrincipalName":"DOMAIN ADMINS@CLEOPATRA.PVT","PrincipalType":"group","RightName":"WriteOwner","AceType":""},{"PrincipalName":"DOMAIN ADMINS@CLEOPATRA.PVT","PrincipalType":"group","RightName":"WriteDacl","AceType":""},{"PrincipalName":"ENTERPRISE ADMINS@CLEOPATRA.PVT","PrincipalType":"group","RightName":"GenericWrite","AceType":""},{"PrincipalName":"ENTERPRISE ADMINS@CLEOPATRA.PVT","PrincipalType":"group","RightName":"WriteOwner","AceType":""},{"PrincipalName":"ENTERPRISE ADMINS@CLEOPATRA.PVT","PrincipalType":"group","RightName":"WriteDacl","AceType":""},{"PrincipalName":"ADMINISTRATORS@CLEOPATRA.PVT","PrincipalType":"group","RightName":"GenericWrite","AceType":""},{"PrincipalName":"ADMINISTRATORS@CLEOPATRA.PVT","PrincipalType":"group","RightName":"WriteOwner","AceType":""},{"PrincipalName":"ADMINISTRATORS@CLEOPATRA.PVT","PrincipalType":"group","RightName":"WriteDacl","AceType":""}],"AllowedToDelegate":[]},{"Properties":{"domain":"CLEOPATRA.PVT","objectsid":"S-1-5-21-132247282-1934772012-3754461112-502","highvalue":false,"enabled":false,"lastlogon":0,"pwdlastset":1548458367,"serviceprincipalnames":["kadmin/changepw"],"hasspn":true,"displayname":null,"email":null,"title":null,"homedirectory":null,"description":"Key Distribution Center Service Account","userpassword":null,"sensitive":false,"dontreqpreauth":false,"admincount":true},"Name":"KRBTGT@CLEOPATRA.PVT","PrimaryGroup":"DOMAIN USERS@CLEOPATRA.PVT","Aces":[{"PrincipalName":"DOMAIN ADMINS@CLEOPATRA.PVT","PrincipalType":"group","RightName":"Owner","AceType":""},{"PrincipalName":"DOMAIN ADMINS@CLEOPATRA.PVT","PrincipalType":"group","RightName":"GenericWrite","AceType":""},{"PrincipalName":"DOMAIN ADMINS@CLEOPATRA.PVT","PrincipalType":"group","RightName":"WriteOwner","AceType":""},{"PrincipalName":"DOMAIN ADMINS@CLEOPATRA.PVT","PrincipalType":"group","RightName":"WriteDacl","AceType":""},{"PrincipalName":"ENTERPRISE ADMINS@CLEOPATRA.PVT","PrincipalType":"group","RightName":"GenericWrite","AceType":""},{"PrincipalName":"ENTERPRISE ADMINS@CLEOPATRA.PVT","PrincipalType":"group","RightName":"WriteOwner","AceType":""},{"PrincipalName":"ENTERPRISE ADMINS@CLEOPATRA.PVT","PrincipalType":"group","RightName":"WriteDacl","AceType":""},{"PrincipalName":"ADMINISTRATORS@CLEOPATRA.PVT","PrincipalType":"group","RightName":"GenericWrite","AceType":""},{"PrincipalName":"ADMINISTRATORS@CLEOPATRA.PVT","PrincipalType":"group","RightName":"WriteOwner","AceType":""},{"PrincipalName":"ADMINISTRATORS@CLEOPATRA.PVT","PrincipalType":"group","RightName":"WriteDacl","AceType":""}],"AllowedToDelegate":[]},{"Properties":{"domain":"CLEOPATRA.PVT","objectsid":"S-1-5-21-132247282-1934772012-3754461112-501","highvalue":false,"enabled":false,"lastlogon":0,"pwdlastset":0,"serviceprincipalnames":[],"hasspn":false,"displayname":null,"email":null,"title":null,"homedirectory":null,"description":"Built-in account for guest access to the computer/domain","userpassword":null,"sensitive":false,"dontreqpreauth":false,"admincount":false},"Name":"GUEST@CLEOPATRA.PVT","PrimaryGroup":"DOMAIN GUESTS@CLEOPATRA.PVT","Aces":null,"AllowedToDelegate":[]},{"Properties":{"domain":"CLEOPATRA.PVT","objectsid":"S-1-5-21-132247282-1934772012-3754461112-1108","highvalue":false,"enabled":true,"lastlogon":-1,"pwdlastset":-1,"serviceprincipalnames":[],"hasspn":false,"displayname":"Server Backup","email":null,"title":null,"homedirectory":null,"description":null,"userpassword":null,"sensitive":false,"dontreqpreauth":false,"admincount":false},"Name":"SRV_BACKUP@CLEOPATRA.PVT","PrimaryGroup":"DOMAIN USERS@CLEOPATRA.PVT","Aces":[{"PrincipalName":"DOMAIN ADMINS@CLEOPATRA.PVT","PrincipalType":"group","RightName":"Owner","AceType":""},{"PrincipalName":"DOMAIN ADMINS@CLEOPATRA.PVT","PrincipalType":"group","RightName":"GenericAll","AceType":""},{"PrincipalName":"ACCOUNT OPERATORS@CLEOPATRA.PVT","PrincipalType":"group","RightName":"GenericAll","AceType":""},{"PrincipalName":"ENTERPRISE ADMINS@CLEOPATRA.PVT","PrincipalType":"group","RightName":"GenericAll","AceType":""},{"PrincipalName":"ADMINISTRATORS@CLEOPATRA.PVT","PrincipalType":"group","RightName":"GenericWrite","AceType":""},{"PrincipalName":"ADMINISTRATORS@CLEOPATRA.PVT","PrincipalType":"group","RightName":"WriteOwner","AceType":""},{"PrincipalName":"ADMINISTRATORS@CLEOPATRA.PVT","PrincipalType":"group","RightName":"WriteDacl","AceType":""}],"AllowedToDelegate":[]},{"Properties":{"domain":"CLEOPATRA.PVT","objectsid":"S-1-5-21-132247282-1934772012-3754461112-1110","highvalue":false,"enabled":true,"lastlogon":-1,"pwdlastset":-1,"serviceprincipalnames":["MSSQLSvc/sql01.cleopatra.pvt:1433"],"hasspn":true,"displayname":"Sql Service Account","email":null,"title":null,"homedirectory":null,"description":null,"userpassword":null,"sensitive":false,"dontreqpreauth":false,"admincount":false},"Name":"SQLSERVER@CLEOPATRA.PVT","PrimaryGroup":"DOMAIN USERS@CLEOPATRA.PVT","Aces":[{"PrincipalName":"DOMAIN ADMINS@CLEOPATRA.PVT","PrincipalType":"group","RightName":"Owner","AceType":""},{"PrincipalName":"DOMAIN ADMINS@CLEOPATRA.PVT","PrincipalType":"group","RightName":"GenericAll","AceType":""},{"PrincipalName":"ACCOUNT OPERATORS@CLEOPATRA.PVT","PrincipalType":"group","RightName":"GenericAll","AceType":""},{"PrincipalName":"ENTERPRISE ADMINS@CLEOPATRA.PVT","PrincipalType":"group","RightName":"GenericAll","AceType":""},{"PrincipalName":"ADMINISTRATORS@CLEOPATRA.PVT","PrincipalType":"group","RightName":"GenericWrite","AceType":""},{"PrincipalName":"ADMINISTRATORS@CLEOPATRA.PVT","PrincipalType":"group","RightName":"WriteOwner","AceType":""},{"PrincipalName":"ADMINISTRATORS@CLEOPATRA.PVT","PrincipalType":"group","RightName":"WriteDacl","AceType":""}],"AllowedToDelegate":[]},{"Properties":{"domain":"CLEOPATRA.PVT","objectsid":"S-1-5-21-132247282-1934772012-3754461112-1109","highvalue":false,"enabled":true,"lastlogon":-1,"pwdlastset":-1,"serviceprincipalnames":[],"hasspn":false,"displayname":"dns admin","email":null,"title":null,"homedirectory":null,"description":null,"userpassword":null,"sensitive":false,"dontreqpreauth":false,"admincount":false},"Name":"DNSADMIN@CLEOPATRA.PVT","PrimaryGroup":"DOMAIN USERS@CLEOPATRA.PVT","Aces":[{"PrincipalName":"DOMAIN ADMINS@CLEOPATRA.PVT","PrincipalType":"group","RightName":"Owner","AceType":""},{"PrincipalName":"DOMAIN ADMINS@CLEOPATRA.PVT","PrincipalType":"group","RightName":"GenericAll","AceType":""},{"PrincipalName":"ACCOUNT OPERATORS@CLEOPATRA.PVT","PrincipalType":"group","RightName":"GenericAll","AceType":""},{"PrincipalName":"ENTERPRISE ADMINS@CLEOPATRA.PVT","PrincipalType":"group","RightName":"GenericAll","AceType":""},{"PrincipalName":"ADMINISTRATORS@CLEOPATRA.PVT","PrincipalType":"group","RightName":"GenericWrite","AceType":""},{"PrincipalName":"ADMINISTRATORS@CLEOPATRA.PVT","PrincipalType":"group","RightName":"WriteOwner","AceType":""},{"PrincipalName":"ADMINISTRATORS@CLEOPATRA.PVT","PrincipalType":"group","RightName":"WriteDacl","AceType":""}],"AllowedToDelegate":[]},{"Properties":{"domain":"CLEOPATRA.PVT","objectsid":"S-1-5-21-132247282-1934772012-3754461112-1105","highvalue":false,"enabled":true,"lastlogon":-1,"pwdlastset":-1,"serviceprincipalnames":[],"hasspn":false,"displayname":"Generic User","email":null,"title":null,"homedirectory":null,"description":null,"userpassword":null,"sensitive":false,"dontreqpreauth":false,"admincount":false},"Name":"USER1@CLEOPATRA.PVT","PrimaryGroup":"DOMAIN USERS@CLEOPATRA.PVT","Aces":[{"PrincipalName":"DOMAIN ADMINS@CLEOPATRA.PVT","PrincipalType":"group","RightName":"Owner","AceType":""},{"PrincipalName":"DOMAIN ADMINS@CLEOPATRA.PVT","PrincipalType":"group","RightName":"GenericAll","AceType":""},{"PrincipalName":"ACCOUNT OPERATORS@CLEOPATRA.PVT","PrincipalType":"group","RightName":"GenericAll","AceType":""},{"PrincipalName":"ENTERPRISE ADMINS@CLEOPATRA.PVT","PrincipalType":"group","RightName":"GenericAll","AceType":""},{"PrincipalName":"ADMINISTRATORS@CLEOPATRA.PVT","PrincipalType":"group","RightName":"GenericWrite","AceType":""},{"PrincipalName":"ADMINISTRATORS@CLEOPATRA.PVT","PrincipalType":"group","RightName":"WriteOwner","AceType":""},{"PrincipalName":"ADMINISTRATORS@CLEOPATRA.PVT","PrincipalType":"group","RightName":"WriteDacl","AceType":""}],"AllowedToDelegate":[]},{"Properties":{"domain":"CLEOPATRA.PVT","objectsid":"S-1-5-21-132247282-1934772012-3754461112-1112","highvalue":false,"enabled":true,"lastlogon":-1,"pwdlastset":-1,"serviceprincipalnames":[],"hasspn":false,"displayname":"Directory Sync","email":null,"title":null,"homedirectory":null,"description":null,"userpassword":null,"sensitive":false,"dontreqpreauth":false,"admincount":false},"Name":"DIRSYNC@CLEOPATRA.PVT","PrimaryGroup":"DOMAIN USERS@CLEOPATRA.PVT","Aces":[{"PrincipalName":"DOMAIN ADMINS@CLEOPATRA.PVT","PrincipalType":"group","RightName":"Owner","AceType":""},{"PrincipalName":"DOMAIN ADMINS@CLEOPATRA.PVT","PrincipalType":"group","RightName":"GenericAll","AceType":""},{"PrincipalName":"ACCOUNT OPERATORS@CLEOPATRA.PVT","PrincipalType":"group","RightName":"GenericAll","AceType":""},{"PrincipalName":"ENTERPRISE ADMINS@CLEOPATRA.PVT","PrincipalType":"group","RightName":"GenericAll","AceType":""},{"PrincipalName":"ADMINISTRATORS@CLEOPATRA.PVT","PrincipalType":"group","RightName":"GenericWrite","AceType":""},{"PrincipalName":"ADMINISTRATORS@CLEOPATRA.PVT","PrincipalType":"group","RightName":"WriteOwner","AceType":""},{"PrincipalName":"ADMINISTRATORS@CLEOPATRA.PVT","PrincipalType":"group","RightName":"WriteDacl","AceType":""}],"AllowedToDelegate":[]}],"meta":{"count":10,"type":"users"}}